time,course,instructor,semester,observation,year,Student.AnsweringQuestion,Student.AskingQuestion,Instructor.AskingClickerQuestion,Instructor.GivingFeedback,Instructor.Lecturing,Instructor.WritingOnBoard,Instructor.MovingThroughGroup,Students.GroupWork,EffectSize.StudentPerformance
2,11,A,1,1,1,0,0,1,1,0,0,0,1,2.91
4,11,A,1,1,1,0,0,0,0,0,0,0,1,2.91
6,11,A,1,1,1,0,0,1,1,1,0,0,1,2.91
8,11,A,1,1,1,0,0,1,1,0,0,0,1,2.91
10,11,A,1,1,1,0,1,0,1,0,0,0,0,2.91
12,11,A,1,1,1,0,0,0,1,0,0,0,1,2.91
14,11,A,1,1,1,0,0,0,0,0,0,1,1,2.91
16,11,A,1,1,1,0,0,1,0,0,0,1,1,2.91
18,11,A,1,1,1,0,0,1,0,0,0,0,1,2.91
20,11,A,1,1,1,0,0,1,1,0,0,0,1,2.91
22,11,A,1,1,1,0,1,0,1,0,0,0,0,2.91
24,11,A,1,1,1,0,1,0,1,1,0,0,0,2.91
26,11,A,1,1,1,0,0,0,0,1,0,0,0,2.91
28,11,A,1,1,1,0,0,0,0,1,0,1,1,2.91
30,11,A,1,1,1,0,0,0,1,0,0,1,1,2.91
32,11,A,1,1,1,1,0,0,1,1,0,0,0,2.91
34,11,A,1,1,1,1,0,0,1,0,0,0,1,2.91
36,11,A,1,1,1,0,0,0,1,0,0,0,1,2.91
38,11,A,1,1,1,1,0,0,1,0,0,0,0,2.91
40,11,A,1,1,1,0,0,0,1,1,0,0,0,2.91
42,11,A,1,1,1,0,0,0,0,1,0,1,1,2.91
44,11,A,1,1,1,0,0,0,0,0,0,1,1,2.91
2,11,A,1,2,1,1,0,0,0,1,0,0,1,2.91
4,11,A,1,2,1,0,1,0,1,1,0,0,0,2.91
6,11,A,1,2,1,0,0,1,0,0,0,0,1,2.91
8,11,A,1,2,1,0,0,1,0,1,0,0,0,2.91
10,11,A,1,2,1,0,0,1,1,1,0,0,1,2.91
12,11,A,1,2,1,0,0,1,1,0,0,0,1,2.91
14,11,A,1,2,1,0,0,1,1,1,0,0,1,2.91
16,11,A,1,2,1,0,0,0,0,1,0,0,0,2.91
18,11,A,1,2,1,1,0,0,0,1,0,0,0,2.91
20,11,A,1,2,1,0,1,1,0,1,0,0,1,2.91
22,11,A,1,2,1,0,1,0,0,1,0,0,0,2.91
24,11,A,1,2,1,0,0,1,0,1,0,0,1,2.91
26,11,A,1,2,1,0,0,1,0,1,0,0,1,2.91
28,11,A,1,2,1,0,0,1,0,1,0,0,1,2.91
30,11,A,1,2,1,1,0,0,0,1,0,0,0,2.91
32,11,A,1,2,1,0,0,0,0,1,0,0,1,2.91
34,11,A,1,2,1,0,0,0,0,0,0,1,1,2.91
36,11,A,1,2,1,1,0,0,1,0,0,1,1,2.91
38,11,A,1,2,1,0,1,0,1,0,0,1,1,2.91
40,11,A,1,2,1,1,1,1,1,0,0,0,1,2.91
42,11,A,1,2,1,0,0,0,1,0,0,0,0,2.91
44,11,A,1,2,1,0,0,0,1,1,0,0,0,2.91
46,11,A,1,2,1,0,0,0,0,1,0,0,0,2.91
2,11,A,1,3,1,0,0,0,0,0,0,0,0,2.91
4,11,A,1,3,1,0,0,0,0,1,0,0,0,2.91
6,11,A,1,3,1,0,0,0,0,1,0,0,0,2.91
8,11,A,1,3,1,0,0,0,0,1,0,0,0,2.91
10,11,A,1,3,1,1,0,0,0,1,1,0,1,2.91
12,11,A,1,3,1,1,0,0,1,1,1,0,1,2.91
14,11,A,1,3,1,0,0,0,0,1,1,0,0,2.91
16,11,A,1,3,1,0,0,0,0,1,0,0,1,2.91
18,11,A,1,3,1,0,0,0,1,0,0,1,1,2.91
20,11,A,1,3,1,1,0,0,1,0,0,0,0,2.91
22,11,A,1,3,1,1,0,0,1,1,0,0,0,2.91
24,11,A,1,3,1,0,0,1,0,1,0,0,0,2.91
26,11,A,1,3,1,1,0,1,1,0,0,0,1,2.91
28,11,A,1,3,1,0,1,0,1,1,0,0,0,2.91
30,11,A,1,3,1,0,1,0,0,1,0,0,0,2.91
32,11,A,1,3,1,0,0,0,0,1,0,1,1,2.91
34,11,A,1,3,1,0,0,0,0,0,0,1,1,2.91
36,11,A,1,3,1,1,0,0,1,1,0,1,1,2.91
38,11,A,1,3,1,1,0,0,1,1,0,0,0,2.91
40,11,A,1,3,1,0,0,0,0,0,0,1,1,2.91
42,11,A,1,3,1,0,0,1,0,1,0,1,1,2.91
44,11,A,1,3,1,0,0,1,1,0,0,0,1,2.91
46,11,A,1,3,1,1,0,0,1,1,0,0,0,2.91
48,11,A,1,3,1,1,0,0,1,1,0,0,0,2.91
50,11,A,1,3,1,0,1,0,0,1,0,0,0,2.91
2,11,A,1,4,1,0,0,0,0,0,0,0,0,2.91
4,11,A,1,4,1,0,0,0,0,0,0,0,0,2.91
6,11,A,1,4,1,0,0,0,0,0,0,0,0,2.91
8,11,A,1,4,1,0,1,0,0,1,0,0,0,2.91
10,11,A,1,4,1,0,1,0,0,1,0,0,0,2.91
12,11,A,1,4,1,0,0,1,1,1,0,0,1,2.91
14,11,A,1,4,1,0,0,1,1,0,0,0,1,2.91
16,11,A,1,4,1,0,1,1,1,0,0,0,0,2.91
18,11,A,1,4,1,0,1,1,1,0,0,0,1,2.91
20,11,A,1,4,1,0,1,1,1,0,0,0,1,2.91
22,11,A,1,4,1,0,1,1,1,0,0,0,0,2.91
24,11,A,1,4,1,1,1,1,1,0,0,0,1,2.91
26,11,A,1,4,1,0,0,1,0,0,0,0,1,2.91
28,11,A,1,4,1,1,0,1,1,1,0,0,0,2.91
30,11,A,1,4,1,0,0,0,0,1,0,0,0,2.91
32,11,A,1,4,1,0,1,0,0,1,0,0,0,2.91
34,11,A,1,4,1,0,0,0,0,1,0,0,0,2.91
36,11,A,1,4,1,1,0,1,1,0,0,0,1,2.91
38,11,A,1,4,1,0,0,0,1,1,0,0,1,2.91
40,11,A,1,4,1,1,0,0,1,1,0,0,0,2.91
42,11,A,1,4,1,0,0,0,0,1,0,0,1,2.91
44,11,A,1,4,1,0,0,0,0,0,0,0,1,2.91
46,11,A,1,4,1,0,0,0,0,0,0,0,1,2.91
48,11,A,1,4,1,0,0,0,1,0,1,0,1,2.91
2,11,B,1,1,1,0,0,1,0,1,0,0,1,1.51
4,11,B,1,1,1,0,0,1,1,1,0,0,1,1.51
6,11,B,1,1,1,0,0,1,0,1,0,0,1,1.51
8,11,B,1,1,1,0,0,1,0,0,0,0,1,1.51
10,11,B,1,1,1,0,0,1,0,1,0,0,1,1.51
12,11,B,1,1,1,0,0,1,0,0,0,0,1,1.51
14,11,B,1,1,1,0,0,1,0,1,0,0,1,1.51
16,11,B,1,1,1,0,0,1,0,1,0,0,1,1.51
18,11,B,1,1,1,0,0,1,0,1,0,0,1,1.51
20,11,B,1,1,1,0,0,0,0,1,0,0,0,1.51
22,11,B,1,1,1,0,0,1,0,1,0,0,1,1.51
24,11,B,1,1,1,0,0,1,0,1,0,0,1,1.51
26,11,B,1,1,1,0,0,0,0,1,0,0,0,1.51
28,11,B,1,1,1,0,0,0,0,1,0,0,0,1.51
30,11,B,1,1,1,0,0,1,0,1,0,0,1,1.51
32,11,B,1,1,1,0,0,0,0,1,0,0,0,1.51
34,11,B,1,1,1,0,0,0,0,1,0,0,0,1.51
36,11,B,1,1,1,0,0,0,0,1,0,0,0,1.51
38,11,B,1,1,1,0,1,0,0,1,0,0,0,1.51
40,11,B,1,1,1,0,0,0,0,1,0,0,0,1.51
2,11,B,1,2,1,0,1,1,0,0,0,0,1,1.51
4,11,B,1,2,1,0,0,1,1,1,0,0,1,1.51
6,11,B,1,2,1,0,0,0,0,1,0,0,0,1.51
8,11,B,1,2,1,0,0,0,0,1,0,0,0,1.51
10,11,B,1,2,1,0,0,1,0,1,0,0,1,1.51
12,11,B,1,2,1,0,0,1,1,1,0,0,1,1.51
14,11,B,1,2,1,1,0,0,0,1,0,0,0,1.51
16,11,B,1,2,1,1,0,0,0,1,0,0,0,1.51
18,11,B,1,2,1,0,0,0,0,1,0,0,0,1.51
20,11,B,1,2,1,0,0,0,0,1,0,0,0,1.51
22,11,B,1,2,1,0,0,0,0,1,0,0,0,1.51
24,11,B,1,2,1,0,0,0,0,1,0,0,0,1.51
26,11,B,1,2,1,0,0,1,0,1,0,0,1,1.51
28,11,B,1,2,1,0,0,1,0,0,0,0,1,1.51
30,11,B,1,2,1,0,0,1,0,0,0,0,1,1.51
32,11,B,1,2,1,0,0,1,0,0,0,0,1,1.51
34,11,B,1,2,1,0,1,0,1,0,0,0,0,1.51
36,11,B,1,2,1,0,0,0,0,1,0,0,0,1.51
38,11,B,1,2,1,0,1,0,0,1,0,0,0,1.51
40,11,B,1,2,1,0,0,0,0,1,0,0,0,1.51
2,11,B,1,3,1,0,0,0,0,1,0,0,0,1.51
4,11,B,1,3,1,0,0,0,0,1,0,0,0,1.51
6,11,B,1,3,1,0,0,0,0,1,0,0,0,1.51
8,11,B,1,3,1,0,0,0,0,1,0,0,0,1.51
10,11,B,1,3,1,0,0,0,0,0,0,1,1,1.51
12,11,B,1,3,1,0,0,0,0,0,0,1,1,1.51
14,11,B,1,3,1,0,0,0,0,0,0,1,1,1.51
16,11,B,1,3,1,0,0,0,0,0,0,1,1,1.51
18,11,B,1,3,1,0,0,0,0,1,0,0,1,1.51
20,11,B,1,3,1,0,0,0,0,0,0,1,1,1.51
22,11,B,1,3,1,0,0,0,0,0,0,1,1,1.51
24,11,B,1,3,1,0,0,0,0,0,0,1,1,1.51
26,11,B,1,3,1,0,0,0,0,0,0,1,1,1.51
28,11,B,1,3,1,0,0,0,0,1,0,0,0,1.51
30,11,B,1,3,1,0,0,1,0,1,0,0,0,1.51
32,11,B,1,3,1,0,0,0,1,0,0,0,0,1.51
34,11,B,1,3,1,0,0,0,0,1,0,0,0,1.51
36,11,B,1,3,1,0,0,0,0,1,0,0,0,1.51
38,11,B,1,3,1,0,0,1,0,1,0,0,0,1.51
40,11,B,1,3,1,0,0,1,0,0,0,0,0,1.51
42,11,B,1,3,1,0,0,0,0,1,0,0,0,1.51
44,11,B,1,3,1,0,0,0,0,1,0,0,0,1.51
46,11,B,1,3,1,0,0,0,0,1,0,0,0,1.51
2,11,B,1,4,1,0,0,0,0,1,0,0,0,1.51
4,11,B,1,4,1,0,0,0,0,1,0,0,0,1.51
6,11,B,1,4,1,0,0,0,0,1,0,0,0,1.51
8,11,B,1,4,1,0,0,1,0,1,0,0,1,1.51
10,11,B,1,4,1,0,0,1,0,1,0,0,1,1.51
12,11,B,1,4,1,0,0,0,0,1,0,0,0,1.51
14,11,B,1,4,1,0,0,1,0,1,0,0,0,1.51
16,11,B,1,4,1,0,0,0,0,1,0,0,0,1.51
18,11,B,1,4,1,0,0,1,0,1,0,0,0,1.51
20,11,B,1,4,1,0,0,0,0,1,0,0,0,1.51
22,11,B,1,4,1,0,0,1,0,1,0,0,0,1.51
24,11,B,1,4,1,0,0,1,1,1,0,0,1,1.51
26,11,B,1,4,1,0,1,0,0,1,0,0,0,1.51
28,11,B,1,4,1,0,0,0,0,1,0,0,0,1.51
30,11,B,1,4,1,0,0,0,0,1,0,0,0,1.51
32,11,B,1,4,1,0,0,0,0,1,0,0,0,1.51
34,11,B,1,4,1,0,0,0,0,1,0,0,0,1.51
36,11,B,1,4,1,0,0,0,0,1,0,0,0,1.51
38,11,B,1,4,1,0,0,0,0,1,0,0,0,1.51
40,11,B,1,4,1,0,0,0,0,1,0,0,0,1.51
42,11,B,1,4,1,0,0,1,0,1,0,0,0,1.51
44,11,B,1,4,1,0,0,0,1,1,0,0,0,1.51
46,11,B,1,4,1,0,0,0,0,1,0,0,0,1.51
2,11,B,1,5,1,0,0,0,0,1,0,0,0,1.51
4,11,B,1,5,1,0,0,0,0,1,0,0,0,1.51
6,11,B,1,5,1,0,0,0,0,1,0,0,0,1.51
8,11,B,1,5,1,0,0,0,0,1,0,0,0,1.51
10,11,B,1,5,1,0,0,0,0,1,0,0,0,1.51
12,11,B,1,5,1,0,0,0,0,1,0,0,1,1.51
14,11,B,1,5,1,0,0,0,0,1,0,0,0,1.51
16,11,B,1,5,1,0,0,0,0,1,0,0,0,1.51
18,11,B,1,5,1,0,0,0,0,1,0,0,1,1.51
20,11,B,1,5,1,0,1,0,0,1,0,0,0,1.51
22,11,B,1,5,1,0,0,0,0,1,0,0,0,1.51
24,11,B,1,5,1,0,0,0,0,1,0,0,0,1.51
26,11,B,1,5,1,0,0,0,0,1,0,0,0,1.51
28,11,B,1,5,1,0,0,0,0,1,0,0,0,1.51
30,11,B,1,5,1,0,0,0,0,1,0,0,0,1.51
32,11,B,1,5,1,0,0,1,0,1,0,0,0,1.51
34,11,B,1,5,1,0,0,1,0,1,0,0,1,1.51
36,11,B,1,5,1,0,0,0,0,1,0,0,0,1.51
38,11,B,1,5,1,0,0,1,0,1,0,0,0,1.51
40,11,B,1,5,1,0,1,0,0,1,0,0,0,1.51
42,11,B,1,5,1,0,0,0,0,1,0,0,0,1.51
44,11,B,1,5,1,0,0,0,0,1,0,0,0,1.51
46,11,B,1,5,1,0,0,0,0,1,0,0,0,1.51
2,11,B,1,6,1,0,0,0,1,1,0,0,1,1.51
4,11,B,1,6,1,0,0,1,1,1,0,0,0,1.51
6,11,B,1,6,1,0,1,1,1,1,0,0,1,1.51
8,11,B,1,6,1,0,0,0,0,1,0,0,0,1.51
10,11,B,1,6,1,0,1,0,0,1,0,0,0,1.51
12,11,B,1,6,1,0,0,0,0,1,0,0,0,1.51
14,11,B,1,6,1,0,0,0,0,1,0,0,0,1.51
16,11,B,1,6,1,0,0,0,0,1,0,0,0,1.51
18,11,B,1,6,1,0,0,1,0,1,0,0,1,1.51
20,11,B,1,6,1,0,0,1,1,1,0,0,1,1.51
22,11,B,1,6,1,0,0,1,1,1,0,0,0,1.51
24,11,B,1,6,1,0,0,0,0,1,0,0,0,1.51
26,11,B,1,6,1,0,0,1,1,1,0,0,0,1.51
28,11,B,1,6,1,0,1,0,0,1,0,0,0,1.51
30,11,B,1,6,1,1,0,0,0,1,0,0,0,1.51
32,11,B,1,6,1,0,1,0,0,1,0,0,0,1.51
34,11,B,1,6,1,1,1,0,0,1,0,0,0,1.51
36,11,B,1,6,1,1,0,0,0,1,0,0,0,1.51
38,11,B,1,6,1,0,0,0,0,1,0,0,0,1.51
2,11,C,1,1,1,0,0,1,1,1,0,0,1,2.65
4,11,C,1,1,1,0,0,1,1,1,0,0,1,2.65
6,11,C,1,1,1,0,0,1,1,1,0,0,1,2.65
8,11,C,1,1,1,0,0,1,0,1,0,0,1,2.65
10,11,C,1,1,1,1,0,1,1,0,0,0,1,2.65
12,11,C,1,1,1,0,0,1,1,0,0,0,1,2.65
14,11,C,1,1,1,0,1,1,0,0,0,0,1,2.65
16,11,C,1,1,1,0,1,0,1,1,0,0,0,2.65
18,11,C,1,1,1,0,0,0,0,1,0,0,0,2.65
20,11,C,1,1,1,0,0,0,0,1,0,0,0,2.65
22,11,C,1,1,1,0,0,0,0,1,0,0,1,2.65
24,11,C,1,1,1,0,0,1,1,0,0,0,1,2.65
26,11,C,1,1,1,0,0,1,0,0,0,0,1,2.65
28,11,C,1,1,1,0,0,1,1,0,0,0,1,2.65
30,11,C,1,1,1,0,0,1,1,0,0,0,1,2.65
32,11,C,1,1,1,1,0,1,0,1,0,0,1,2.65
2,11,C,1,2,1,0,0,0,0,1,0,0,0,2.65
4,11,C,1,2,1,1,0,0,0,1,0,1,0,2.65
6,11,C,1,2,1,1,0,0,0,1,0,0,1,2.65
8,11,C,1,2,1,0,1,1,0,1,0,0,1,2.65
10,11,C,1,2,1,0,0,1,1,1,0,0,0,2.65
12,11,C,1,2,1,0,0,0,0,1,0,0,1,2.65
14,11,C,1,2,1,0,0,0,0,1,0,0,0,2.65
16,11,C,1,2,1,1,1,0,0,1,0,0,0,2.65
18,11,C,1,2,1,1,0,0,0,1,0,0,1,2.65
20,11,C,1,2,1,0,0,0,0,0,0,1,1,2.65
22,11,C,1,2,1,0,0,0,0,0,0,0,1,2.65
24,11,C,1,2,1,0,0,0,0,1,0,1,1,2.65
26,11,C,1,2,1,0,0,0,0,1,0,1,1,2.65
28,11,C,1,2,1,0,0,0,0,0,0,1,1,2.65
30,11,C,1,2,1,0,0,0,0,0,0,1,1,2.65
32,11,C,1,2,1,0,0,0,0,1,0,1,1,2.65
34,11,C,1,2,1,0,0,1,0,0,0,0,1,2.65
2,11,C,1,3,1,0,0,0,1,1,0,0,0,2.65
4,11,C,1,3,1,1,0,0,0,0,0,0,0,2.65
6,11,C,1,3,1,0,0,1,0,0,0,0,1,2.65
8,11,C,1,3,1,1,0,0,1,0,0,0,0,2.65
10,11,C,1,3,1,0,0,1,0,0,0,0,1,2.65
12,11,C,1,3,1,1,1,0,0,0,0,0,0,2.65
14,11,C,1,3,1,1,0,1,0,1,0,0,1,2.65
16,11,C,1,3,1,0,1,0,1,0,0,0,0,2.65
18,11,C,1,3,1,0,1,0,1,0,0,0,0,2.65
20,11,C,1,3,1,0,0,0,0,1,0,0,0,2.65
22,11,C,1,3,1,1,0,1,0,1,0,0,0,2.65
24,11,C,1,3,1,1,0,0,1,1,0,0,0,2.65
26,11,C,1,3,1,0,0,0,0,1,0,0,1,2.65
28,11,C,1,3,1,0,0,0,0,0,0,1,1,2.65
30,11,C,1,3,1,0,0,0,0,0,0,1,1,2.65
32,11,C,1,3,1,0,0,0,0,0,0,0,1,2.65
34,11,C,1,3,1,1,0,0,1,0,0,0,0,2.65
36,11,C,1,3,1,1,0,0,1,0,0,0,0,2.65
38,11,C,1,3,1,0,0,0,1,1,0,0,0,2.65
40,11,C,1,3,1,1,1,0,0,1,0,0,1,2.65
42,11,C,1,3,1,0,0,0,0,1,0,0,1,2.65
44,11,C,1,3,1,0,0,1,1,0,0,0,1,2.65
46,11,C,1,3,1,0,0,0,1,1,0,0,0,2.65
48,11,C,1,3,1,0,1,0,0,1,0,0,0,2.65
2,11,D,1,1,1,1,0,1,1,1,0,0,0,2.75
4,11,D,1,1,1,1,0,0,0,1,0,0,0,2.75
6,11,D,1,1,1,1,0,0,0,1,0,0,0,2.75
8,11,D,1,1,1,0,0,0,0,1,0,1,1,2.75
10,11,D,1,1,1,0,0,0,0,0,0,1,1,2.75
12,11,D,1,1,1,0,0,1,1,0,0,1,1,2.75
14,11,D,1,1,1,0,0,1,1,0,0,0,1,2.75
16,11,D,1,1,1,0,0,1,1,0,0,0,1,2.75
18,11,D,1,1,1,1,0,0,1,1,0,0,1,2.75
20,11,D,1,1,1,0,0,1,0,1,0,1,1,2.75
22,11,D,1,1,1,0,0,1,0,0,0,1,1,2.75
24,11,D,1,1,1,0,0,0,0,0,0,1,1,2.75
26,11,D,1,1,1,1,0,1,0,0,0,1,1,2.75
28,11,D,1,1,1,0,0,1,1,0,0,0,1,2.75
30,11,D,1,1,1,0,0,1,1,0,0,0,1,2.75
32,11,D,1,1,1,0,0,1,1,0,0,0,1,2.75
34,11,D,1,1,1,0,0,1,1,0,0,0,1,2.75
36,11,D,1,1,1,1,0,0,1,1,0,0,0,2.75
38,11,D,1,1,1,0,0,0,0,1,0,0,0,2.75
2,11,D,1,2,1,0,0,0,0,0,0,0,0,2.75
4,11,D,1,2,1,0,1,0,0,1,0,0,0,2.75
6,11,D,1,2,1,0,0,1,0,1,0,0,1,2.75
8,11,D,1,2,1,1,0,0,1,1,0,0,0,2.75
10,11,D,1,2,1,1,1,0,1,1,0,0,0,2.75
12,11,D,1,2,1,1,1,0,1,0,0,0,1,2.75
14,11,D,1,2,1,0,1,0,0,1,0,0,0,2.75
16,11,D,1,2,1,0,0,0,1,1,0,0,0,2.75
18,11,D,1,2,1,0,1,0,0,1,0,0,0,2.75
20,11,D,1,2,1,0,0,1,1,1,0,0,0,2.75
22,11,D,1,2,1,0,0,1,1,0,0,0,1,2.75
24,11,D,1,2,1,0,1,1,1,1,0,0,0,2.75
26,11,D,1,2,1,0,1,0,1,1,0,0,0,2.75
28,11,D,1,2,1,0,1,1,1,0,0,0,1,2.75
30,11,D,1,2,1,0,1,0,1,0,0,0,1,2.75
32,11,D,1,2,1,0,1,0,1,1,1,0,0,2.75
34,11,D,1,2,1,0,1,0,1,1,0,0,0,2.75
36,11,D,1,2,1,1,0,0,0,1,0,0,0,2.75
38,11,D,1,2,1,1,0,0,0,1,0,0,0,2.75
40,11,D,1,2,1,0,0,0,0,1,0,0,0,2.75
42,11,D,1,2,1,0,0,0,0,1,0,0,0,2.75
44,11,D,1,2,1,0,1,0,0,1,0,0,0,2.75
2,12,E,2,1,1,0,0,0,0,1,0,0,0,1.36
4,12,E,2,1,1,0,0,0,0,1,0,0,0,1.36
6,12,E,2,1,1,0,0,1,0,0,0,1,1,1.36
8,12,E,2,1,1,0,0,1,1,0,0,1,1,1.36
10,12,E,2,1,1,1,0,0,1,0,0,0,0,1.36
12,12,E,2,1,1,0,0,0,0,1,0,1,1,1.36
14,12,E,2,1,1,0,0,0,1,0,0,1,1,1.36
16,12,E,2,1,1,1,0,0,1,0,1,0,0,1.36
18,12,E,2,1,1,1,0,0,1,0,1,0,0,1.36
20,12,E,2,1,1,1,0,0,1,0,1,0,0,1.36
22,12,E,2,1,1,0,1,0,1,0,0,0,0,1.36
24,12,E,2,1,1,0,1,0,1,1,0,0,0,1.36
26,12,E,2,1,1,0,1,0,0,1,0,0,0,1.36
28,12,E,2,1,1,0,0,0,0,1,0,0,0,1.36
30,12,E,2,1,1,0,0,0,0,1,0,0,0,1.36
32,12,E,2,1,1,1,1,0,0,1,0,0,0,1.36
34,12,E,2,1,1,0,0,0,0,0,0,0,0,1.36
36,12,E,2,1,1,0,0,0,0,1,0,0,0,1.36
38,12,E,2,1,1,0,0,1,1,1,0,0,1,1.36
40,12,E,2,1,1,0,0,0,0,1,0,0,0,1.36
42,12,E,2,1,1,0,0,0,0,1,0,0,0,1.36
44,12,E,2,1,1,0,0,1,1,0,0,1,1,1.36
46,12,E,2,1,1,1,0,0,1,0,0,0,0,1.36
48,12,E,2,1,1,0,0,0,0,0,0,1,1,1.36
50,12,E,2,1,1,0,0,0,0,0,0,1,1,1.36
52,12,E,2,1,1,1,0,0,1,0,1,1,1,1.36
54,12,E,2,1,1,1,0,0,1,0,1,0,0,1.36
56,12,E,2,1,1,0,0,0,1,0,1,0,0,1.36
58,12,E,2,1,1,1,0,0,1,0,1,0,0,1.36
60,12,E,2,1,1,1,1,0,1,0,1,0,0,1.36
62,12,E,2,1,1,0,1,0,1,0,1,0,0,1.36
64,12,E,2,1,1,1,1,0,1,0,1,0,0,1.36
66,12,E,2,1,1,0,1,0,1,0,1,0,0,1.36
68,12,E,2,1,1,0,0,0,1,0,0,0,0,1.36
70,12,E,2,1,1,0,1,0,1,0,0,0,0,1.36
72,12,E,2,1,1,0,1,0,1,1,0,0,0,1.36
74,12,E,2,1,1,0,0,0,0,1,0,0,0,1.36
76,12,E,2,1,1,1,0,0,1,0,1,0,0,1.36
78,12,E,2,1,1,1,0,0,1,0,1,0,0,1.36
80,12,E,2,1,1,1,0,0,1,0,1,0,0,1.36
2,12,E,2,2,1,0,0,0,0,0,0,0,0,1.36
4,12,E,2,2,1,0,0,0,0,0,0,0,1,1.36
6,12,E,2,2,1,0,0,0,0,0,0,1,1,1.36
8,12,E,2,2,1,1,0,0,1,0,1,0,1,1.36
10,12,E,2,2,1,1,0,0,1,0,1,0,0,1.36
12,12,E,2,2,1,1,0,0,1,0,1,0,0,1.36
14,12,E,2,2,1,0,0,0,1,0,0,0,0,1.36
16,12,E,2,2,1,0,0,0,1,1,0,0,0,1.36
18,12,E,2,2,1,0,0,0,0,1,0,0,0,1.36
20,12,E,2,2,1,0,0,0,0,1,0,0,0,1.36
22,12,E,2,2,1,0,0,0,0,1,0,0,1,1.36
24,12,E,2,2,1,0,0,0,0,0,0,1,1,1.36
26,12,E,2,2,1,1,0,0,1,0,1,1,1,1.36
28,12,E,2,2,1,1,0,0,1,0,1,0,0,1.36
30,12,E,2,2,1,1,0,1,1,0,1,0,1,1.36
32,12,E,2,2,1,1,0,0,1,0,1,0,0,1.36
34,12,E,2,2,1,1,0,0,1,0,1,0,0,1.36
36,12,E,2,2,1,1,1,0,1,0,0,0,0,1.36
38,12,E,2,2,1,0,1,0,1,0,0,0,0,1.36
40,12,E,2,2,1,0,1,0,1,1,0,0,0,1.36
42,12,E,2,2,1,0,0,0,0,1,0,0,0,1.36
44,12,E,2,2,1,0,0,0,0,1,0,0,0,1.36
46,12,E,2,2,1,0,0,0,0,1,0,0,0,1.36
48,12,E,2,2,1,0,0,0,0,1,0,0,0,1.36
50,12,E,2,2,1,0,0,0,0,1,0,1,1,1.36
52,12,E,2,2,1,0,0,0,0,0,0,1,1,1.36
54,12,E,2,2,1,0,0,0,0,0,0,1,1,1.36
56,12,E,2,2,1,0,0,1,1,0,0,1,1,1.36
58,12,E,2,2,1,0,0,0,1,0,1,0,0,1.36
60,12,E,2,2,1,0,0,0,1,0,1,0,0,1.36
62,12,E,2,2,1,0,0,0,1,0,1,0,0,1.36
64,12,E,2,2,1,0,0,0,0,0,0,1,1,1.36
66,12,E,2,2,1,0,0,0,0,0,0,1,1,1.36
68,12,E,2,2,1,1,0,0,1,0,1,1,1,1.36
70,12,E,2,2,1,0,0,0,1,0,1,0,0,1.36
72,12,E,2,2,1,0,0,0,1,0,1,0,0,1.36
74,12,E,2,2,1,0,0,0,1,0,1,0,0,1.36
76,12,E,2,2,1,0,0,0,0,1,0,0,0,1.36
78,12,E,2,2,1,0,0,0,0,1,0,0,0,1.36
2,12,F,1,1,1,0,0,0,0,1,1,0,0,1.41
4,12,F,1,1,1,0,0,0,0,1,1,1,1,1.41
6,12,F,1,1,1,0,0,0,0,0,0,1,1,1.41
8,12,F,1,1,1,0,0,0,0,0,0,1,1,1.41
10,12,F,1,1,1,0,0,0,0,0,1,1,1,1.41
12,12,F,1,1,1,0,0,0,0,0,0,1,1,1.41
14,12,F,1,1,1,0,0,0,0,1,1,0,1,1.41
16,12,F,1,1,1,0,0,0,1,0,1,0,0,1.41
18,12,F,1,1,1,1,0,0,1,0,1,0,0,1.41
20,12,F,1,1,1,0,0,0,1,0,1,0,0,1.41
22,12,F,1,1,1,0,0,0,1,0,1,0,0,1.41
24,12,F,1,1,1,0,0,0,1,0,1,0,0,1.41
26,12,F,1,1,1,0,0,0,0,1,0,0,1,1.41
28,12,F,1,1,1,0,0,0,0,0,1,1,1,1.41
30,12,F,1,1,1,1,0,0,1,0,1,1,1,1.41
32,12,F,1,1,1,1,0,0,1,0,1,0,0,1.41
34,12,F,1,1,1,1,0,0,1,0,1,0,0,1.41
36,12,F,1,1,1,0,0,0,1,0,1,0,0,1.41
38,12,F,1,1,1,0,0,0,1,1,1,0,0,1.41
40,12,F,1,1,1,0,0,0,0,1,1,0,0,1.41
42,12,F,1,1,1,0,0,0,0,1,1,0,0,1.41
44,12,F,1,1,1,0,0,0,0,1,0,0,0,1.41
46,12,F,1,1,1,0,0,0,0,1,0,0,0,1.41
2,12,G,1,1,1,0,0,0,0,0,0,0,0,0.97
4,12,G,1,1,1,1,0,0,0,0,0,0,0,0.97
6,12,G,1,1,1,0,0,0,0,0,0,0,1,0.97
8,12,G,1,1,1,1,0,0,1,0,1,0,0,0.97
10,12,G,1,1,1,1,0,0,1,0,0,0,0,0.97
12,12,G,1,1,1,0,0,0,1,1,0,0,0,0.97
14,12,G,1,1,1,1,0,0,0,1,0,0,0,0.97
16,12,G,1,1,1,0,1,0,0,0,0,1,1,0.97
18,12,G,1,1,1,0,0,0,0,0,0,1,1,0.97
20,12,G,1,1,1,0,0,0,1,0,0,1,1,0.97
22,12,G,1,1,1,1,0,0,0,0,1,0,0,0.97
24,12,G,1,1,1,1,0,0,1,0,1,0,0,0.97
26,12,G,1,1,1,1,0,0,1,0,1,0,0,0.97
28,12,G,1,1,1,1,0,0,1,0,1,0,0,0.97
30,12,G,1,1,1,1,0,0,1,0,1,0,0,0.97
32,12,G,1,1,1,1,0,0,1,1,0,0,0,0.97
34,12,G,1,1,1,1,0,0,0,0,0,0,0,0.97
36,12,G,1,1,1,0,0,1,1,0,0,0,1,0.97
38,12,G,1,1,1,1,0,0,1,0,0,0,0,0.97
40,12,G,1,1,1,0,0,0,0,0,0,0,1,0.97
42,12,G,1,1,1,0,0,0,0,0,0,0,1,0.97
44,12,G,1,1,1,0,0,0,1,0,0,0,1,0.97
46,12,G,1,1,1,1,0,0,1,0,1,0,0,0.97
48,12,G,1,1,1,1,0,0,1,0,1,0,0,0.97
50,12,G,1,1,1,1,0,0,1,0,1,0,0,0.97
52,12,G,1,1,1,1,0,0,1,0,0,0,0,0.97
54,12,G,1,1,1,0,0,0,1,1,0,0,0,0.97
56,12,G,1,1,1,0,0,0,0,1,0,1,1,0.97
58,12,G,1,1,1,0,0,0,0,0,0,1,1,0.97
60,12,G,1,1,1,0,0,0,0,0,0,1,1,0.97
62,12,G,1,1,1,0,0,0,0,0,0,1,1,0.97
64,12,G,1,1,1,1,0,0,1,0,1,1,1,0.97
66,12,G,1,1,1,1,0,0,1,0,1,0,0,0.97
68,12,G,1,1,1,1,0,0,1,0,1,0,0,0.97
70,12,G,1,1,1,1,0,0,1,0,1,0,0,0.97
72,12,G,1,1,1,1,1,0,1,0,1,0,0,0.97
74,12,G,1,1,1,0,1,0,1,0,0,0,0,0.97
76,12,G,1,1,1,0,1,0,1,0,0,0,0,0.97
78,12,G,1,1,1,1,0,0,1,0,1,0,0,0.97
2,12,G,1,2,1,0,0,1,0,1,0,0,1,0.97
4,12,G,1,2,1,0,0,1,1,0,0,0,1,0.97
6,12,G,1,2,1,1,0,1,1,0,0,1,1,0.97
8,12,G,1,2,1,1,0,0,1,0,0,0,1,0.97
10,12,G,1,2,1,0,0,0,0,0,0,1,1,0.97
12,12,G,1,2,1,0,0,0,0,0,0,1,1,0.97
14,12,G,1,2,1,0,0,0,0,0,0,1,1,0.97
16,12,G,1,2,1,0,0,0,0,0,0,1,1,0.97
18,12,G,1,2,1,0,0,0,0,0,0,1,1,0.97
20,12,G,1,2,1,0,0,0,0,0,0,1,1,0.97
22,12,G,1,2,1,0,0,0,0,0,0,1,1,0.97
24,12,G,1,2,1,0,0,0,0,0,0,1,1,0.97
26,12,G,1,2,1,0,0,0,1,0,0,1,1,0.97
28,12,G,1,2,1,0,0,0,1,0,0,0,0,0.97
30,12,G,1,2,1,1,0,0,1,0,0,0,0,0.97
32,12,G,1,2,1,1,1,0,1,0,0,0,0,0.97
34,12,G,1,2,1,0,1,0,1,0,0,0,0,0.97
36,12,G,1,2,1,0,1,0,1,0,0,0,0,0.97
38,12,G,1,2,1,1,0,0,1,0,0,0,0,0.97
40,12,G,1,2,1,0,1,0,1,0,0,0,0,0.97
42,12,G,1,2,1,0,0,0,1,0,0,0,0,0.97
44,12,G,1,2,1,1,1,0,1,0,0,0,0,0.97
46,12,G,1,2,1,1,0,0,1,0,0,0,0,0.97
48,12,G,1,2,1,1,1,0,1,0,0,0,0,0.97
50,12,G,1,2,1,1,0,0,1,0,0,0,0,0.97
52,12,G,1,2,1,1,0,0,1,0,0,0,0,0.97
54,12,G,1,2,1,1,0,0,1,0,0,0,0,0.97
56,12,G,1,2,1,1,1,0,1,0,0,0,0,0.97
58,12,G,1,2,1,0,1,0,1,1,0,0,0,0.97
60,12,G,1,2,1,0,0,0,0,1,0,0,0,0.97
62,12,G,1,2,1,0,0,0,0,0,0,1,1,0.97
64,12,G,1,2,1,0,0,0,0,0,0,1,1,0.97
66,12,G,1,2,1,0,0,0,1,0,0,1,1,0.97
68,12,G,1,2,1,1,0,0,1,0,0,0,0,0.97
70,12,G,1,2,1,1,1,0,1,0,0,0,0,0.97
72,12,G,1,2,1,0,0,0,1,0,0,0,0,0.97
74,12,G,1,2,1,0,0,0,1,0,0,0,0,0.97
2,12,G,1,3,1,0,0,1,0,1,0,1,1,0.97
4,12,G,1,3,1,0,0,1,1,0,0,1,1,0.97
6,12,G,1,3,1,1,0,1,1,0,0,0,1,0.97
8,12,G,1,3,1,1,0,0,1,0,0,0,1,0.97
10,12,G,1,3,1,0,0,0,0,0,0,1,1,0.97
12,12,G,1,3,1,0,0,0,0,0,0,0,1,0.97
14,12,G,1,3,1,0,0,0,0,0,0,1,1,0.97
16,12,G,1,3,1,0,0,0,0,0,0,1,1,0.97
18,12,G,1,3,1,0,0,0,0,0,0,1,1,0.97
20,12,G,1,3,1,0,0,0,0,0,0,1,1,0.97
22,12,G,1,3,1,0,0,0,0,0,0,1,1,0.97
24,12,G,1,3,1,0,0,0,0,0,0,1,1,0.97
26,12,G,1,3,1,0,0,0,1,0,0,1,1,0.97
28,12,G,1,3,1,1,0,0,1,0,1,0,0,0.97
30,12,G,1,3,1,1,0,0,1,0,1,0,0,0.97
32,12,G,1,3,1,1,1,0,1,0,1,0,0,0.97
34,12,G,1,3,1,0,1,0,1,1,1,0,0,0.97
36,12,G,1,3,1,1,1,0,1,1,1,0,0,0.97
38,12,G,1,3,1,1,0,0,1,0,1,0,0,0.97
40,12,G,1,3,1,1,1,0,1,0,1,0,0,0.97
42,12,G,1,3,1,1,0,0,1,0,1,0,0,0.97
44,12,G,1,3,1,1,1,0,1,0,1,0,0,0.97
46,12,G,1,3,1,1,0,0,1,0,1,0,0,0.97
48,12,G,1,3,1,1,1,0,0,0,0,0,0,0.97
50,12,G,1,3,1,1,0,0,1,0,1,0,0,0.97
52,12,G,1,3,1,1,0,0,1,0,1,0,0,0.97
54,12,G,1,3,1,1,0,0,1,0,1,0,0,0.97
56,12,G,1,3,1,0,1,0,1,0,1,0,0,0.97
58,12,G,1,3,1,0,1,0,1,1,1,0,0,0.97
60,12,G,1,3,1,1,0,0,0,1,0,0,1,0.97
62,12,G,1,3,1,0,0,0,0,0,0,1,1,0.97
64,12,G,1,3,1,0,0,0,0,0,0,1,1,0.97
66,12,G,1,3,1,0,0,0,1,0,1,1,1,0.97
68,12,G,1,3,1,1,1,0,1,0,1,0,0,0.97
70,12,G,1,3,1,0,1,0,1,0,1,0,0,0.97
72,12,G,1,3,1,0,0,0,1,0,1,0,0,0.97
2,12,G,2,4,1,0,0,0,0,0,0,0,0,1.77
4,12,G,2,4,1,0,0,0,0,0,0,0,0,1.77
6,12,G,2,4,1,0,0,0,0,1,0,0,0,1.77
8,12,G,2,4,1,0,0,0,0,0,0,1,1,1.77
10,12,G,2,4,1,0,0,0,0,0,0,1,1,1.77
12,12,G,2,4,1,0,0,0,1,0,1,1,1,1.77
14,12,G,2,4,1,0,0,1,1,0,1,0,1,1.77
16,12,G,2,4,1,0,0,0,1,0,1,0,0,1.77
18,12,G,2,4,1,1,1,0,1,0,1,0,0,1.77
20,12,G,2,4,1,0,0,0,0,1,0,0,0,1.77
22,12,G,2,4,1,0,0,0,0,1,0,0,0,1.77
24,12,G,2,4,1,0,0,0,0,1,0,0,0,1.77
26,12,G,2,4,1,0,0,0,0,1,0,0,0,1.77
28,12,G,2,4,1,0,0,0,0,0,0,1,1,1.77
30,12,G,2,4,1,0,0,0,0,0,0,1,1,1.77
32,12,G,2,4,1,0,0,0,0,0,0,1,1,1.77
34,12,G,2,4,1,0,0,0,0,0,0,1,1,1.77
36,12,G,2,4,1,0,0,0,0,0,0,1,1,1.77
38,12,G,2,4,1,0,0,0,0,0,0,1,1,1.77
40,12,G,2,4,1,0,0,0,1,0,1,1,1,1.77
42,12,G,2,4,1,1,0,0,1,0,1,0,0,1.77
44,12,G,2,4,1,0,0,0,1,0,1,0,0,1.77
46,12,G,2,4,1,0,0,0,1,0,1,0,0,1.77
48,12,G,2,4,1,0,0,0,1,0,1,0,0,1.77
50,12,G,2,4,1,0,0,0,1,0,1,0,0,1.77
2,12,G,2,5,1,0,0,0,0,0,0,1,0,1.77
4,12,G,2,5,1,1,0,0,0,1,0,0,0,1.77
6,12,G,2,5,1,0,0,0,0,0,0,0,1,1.77
8,12,G,2,5,1,1,0,1,1,0,1,0,0,1.77
10,12,G,2,5,1,0,0,0,1,0,1,0,0,1.77
12,12,G,2,5,1,0,0,1,1,0,0,0,0,1.77
14,12,G,2,5,1,0,0,1,1,0,1,0,0,1.77
16,12,G,2,5,1,1,0,0,1,1,0,0,0,1.77
18,12,G,2,5,1,0,0,1,1,1,0,0,0,1.77
20,12,G,2,5,1,0,0,1,1,0,0,0,0,1.77
22,12,G,2,5,1,1,0,0,1,0,0,0,1,1.77
24,12,G,2,5,1,0,0,0,1,0,0,0,1,1.77
26,12,G,2,5,1,0,0,0,1,0,0,0,1,1.77
28,12,G,2,5,1,0,0,0,0,0,0,1,1,1.77
30,12,G,2,5,1,0,0,0,0,0,0,1,1,1.77
32,12,G,2,5,1,0,0,0,0,0,0,1,1,1.77
34,12,G,2,5,1,0,0,0,1,0,1,1,1,1.77
36,12,G,2,5,1,1,0,0,1,0,1,0,0,1.77
38,12,G,2,5,1,0,0,0,1,0,1,0,0,1.77
40,12,G,2,5,1,0,0,0,1,0,1,0,0,1.77
42,12,G,2,5,1,0,1,0,1,0,0,0,1,1.77
44,12,G,2,5,1,0,0,1,1,0,0,0,1,1.77
46,12,G,2,5,1,0,0,1,1,0,0,0,0,1.77
48,12,G,2,5,1,1,0,0,1,0,1,0,0,1.77
50,12,G,2,5,1,0,0,0,1,0,0,0,0,1.77
2,12,G,2,6,1,0,0,1,0,1,0,0,1,1.77
4,12,G,2,6,1,0,0,0,0,1,0,0,0,1.77
6,12,G,2,6,1,1,0,0,0,1,0,0,0,1.77
8,12,G,2,6,1,1,0,0,0,1,0,0,0,1.77
10,12,G,2,6,1,0,0,1,0,1,0,0,1,1.77
12,12,G,2,6,1,0,0,0,0,1,0,0,0,1.77
14,12,G,2,6,1,0,0,0,0,0,0,1,0,1.77
16,12,G,2,6,1,0,0,0,0,0,0,0,1,1.77
18,12,G,2,6,1,0,0,0,0,0,0,0,1,1.77
20,12,G,2,6,1,0,0,0,0,0,0,0,1,1.77
22,12,G,2,6,1,0,0,0,0,0,0,0,1,1.77
24,12,G,2,6,1,0,0,0,0,0,0,0,1,1.77
26,12,G,2,6,1,0,0,0,0,0,0,0,1,1.77
28,12,G,2,6,1,0,0,0,0,0,0,0,1,1.77
30,12,G,2,6,1,0,0,0,0,0,0,1,1,1.77
32,12,G,2,6,1,0,0,0,0,0,0,1,1,1.77
34,12,G,2,6,1,1,0,0,1,0,0,0,0,1.77
36,12,G,2,6,1,1,0,0,1,0,0,0,0,1.77
38,12,G,2,6,1,1,0,1,1,0,0,0,1,1.77
40,12,G,2,6,1,0,0,1,1,0,0,0,1,1.77
42,12,G,2,6,1,0,0,0,1,0,0,0,0,1.77
44,12,G,2,6,1,0,0,0,0,0,0,0,0,1.77
2,12,H,2,1,1,0,0,0,0,1,0,0,1,1.05
4,12,H,2,1,1,0,0,1,0,0,0,1,1,1.05
6,12,H,2,1,1,0,0,1,1,1,0,0,1,1.05
8,12,H,2,1,1,0,0,1,0,1,0,1,1,1.05
10,12,H,2,1,1,0,0,1,1,1,0,0,1,1.05
12,12,H,2,1,1,0,0,0,0,1,0,0,0,1.05
14,12,H,2,1,1,0,0,1,0,1,0,0,1,1.05
16,12,H,2,1,1,0,0,0,0,1,0,0,0,1.05
18,12,H,2,1,1,0,0,0,0,0,0,0,0,1.05
20,12,H,2,1,1,0,0,0,0,1,0,0,1,1.05
22,12,H,2,1,1,0,0,0,1,0,0,1,1,1.05
24,12,H,2,1,1,1,0,0,1,1,0,0,0,1.05
26,12,H,2,1,1,0,0,1,1,1,0,0,1,1.05
28,12,H,2,1,1,0,0,0,1,1,0,0,0,1.05
30,12,H,2,1,1,0,0,1,1,1,0,0,1,1.05
32,12,H,2,1,1,0,0,0,1,0,0,1,1,1.05
34,12,H,2,1,1,0,0,1,1,0,0,1,1,1.05
36,12,H,2,1,1,0,0,0,1,0,0,0,0,1.05
38,12,H,2,1,1,0,0,1,1,0,0,0,0,1.05
40,12,H,2,1,1,0,1,0,1,0,0,0,0,1.05
42,12,H,2,1,1,0,0,1,0,0,0,0,1,1.05
44,12,H,2,1,1,0,0,1,1,0,0,0,1,1.05
46,12,H,2,1,1,0,0,1,1,1,0,0,1,1.05
48,12,H,2,1,1,0,0,1,0,1,0,0,1,1.05
2,12,H,2,2,1,0,0,0,0,0,0,0,0,1.05
4,12,H,2,2,1,0,0,1,0,1,0,0,0,1.05
6,12,H,2,2,1,0,0,1,1,0,0,0,1,1.05
8,12,H,2,2,1,0,0,1,1,0,0,0,1,1.05
10,12,H,2,2,1,1,0,0,1,0,0,0,0,1.05
12,12,H,2,2,1,0,0,1,0,1,0,0,0,1.05
14,12,H,2,2,1,0,0,0,1,0,1,0,0,1.05
16,12,H,2,2,1,0,0,1,0,0,1,0,1,1.05
18,12,H,2,2,1,0,0,1,1,0,0,0,1,1.05
20,12,H,2,2,1,0,0,0,1,0,0,0,0,1.05
22,12,H,2,2,1,0,0,0,0,0,0,1,0,1.05
24,12,H,2,2,1,0,0,0,0,0,0,1,0,1.05
26,12,H,2,2,1,0,0,1,0,0,0,1,0,1.05
28,12,H,2,2,1,0,0,0,1,0,1,0,0,1.05
30,12,H,2,2,1,0,0,0,0,1,1,0,0,1.05
32,12,H,2,2,1,0,0,0,0,1,1,0,0,1.05
34,12,H,2,2,1,1,0,0,0,0,1,0,0,1.05
36,12,H,2,2,1,0,0,0,0,1,1,0,0,1.05
38,12,H,2,2,1,0,0,1,1,0,0,0,1,1.05
40,12,H,2,2,1,0,0,0,1,0,1,0,0,1.05
42,12,H,2,2,1,1,0,0,0,0,1,0,0,1.05
44,12,H,2,2,1,1,0,0,1,0,1,0,0,1.05
46,12,H,2,2,1,1,0,0,0,1,1,0,0,1.05
2,12,H,2,3,1,0,0,0,0,1,0,1,1,1.05
4,12,H,2,3,1,0,0,0,0,0,0,1,1,1.05
6,12,H,2,3,1,0,0,1,0,0,0,1,1,1.05
8,12,H,2,3,1,1,0,1,1,0,1,0,1,1.05
10,12,H,2,3,1,1,1,0,1,0,1,0,0,1.05
12,12,H,2,3,1,0,1,0,1,0,1,0,0,1.05
14,12,H,2,3,1,0,1,0,1,0,1,0,0,1.05
16,12,H,2,3,1,1,0,0,1,0,1,0,0,1.05
18,12,H,2,3,1,1,1,0,1,0,0,0,0,1.05
20,12,H,2,3,1,0,1,1,1,0,0,0,1,1.05
22,12,H,2,3,1,0,0,1,1,0,0,0,1,1.05
24,12,H,2,3,1,0,0,1,1,1,1,0,1,1.05
26,12,H,2,3,1,0,0,1,1,1,0,0,1,1.05
28,12,H,2,3,1,0,0,1,0,1,0,0,0,1.05
30,12,H,2,3,1,1,0,1,1,0,1,0,1,1.05
32,12,H,2,3,1,0,1,0,1,1,1,0,1,1.05
34,12,H,2,3,1,0,0,0,1,1,0,0,0,1.05
36,12,H,2,3,1,0,0,1,1,1,1,0,0,1.05
38,12,H,2,3,1,0,0,1,1,1,0,0,1,1.05
40,12,H,2,3,1,0,0,1,1,0,0,0,1,1.05
42,12,H,2,3,1,0,1,1,1,0,1,0,1,1.05
44,12,H,2,3,1,0,0,1,0,1,0,0,1,1.05
46,12,H,2,3,1,0,1,1,1,0,0,0,1,1.05
2,12,I,2,1,1,0,0,1,0,0,0,0,1,1.55
4,12,I,2,1,1,1,0,1,1,0,1,0,1,1.55
6,12,I,2,1,1,1,0,0,1,0,1,0,0,1.55
8,12,I,2,1,1,0,0,1,1,0,1,1,1,1.55
10,12,I,2,1,1,1,0,0,1,0,1,1,1,1.55
12,12,I,2,1,1,1,0,0,1,1,1,0,0,1.55
14,12,I,2,1,1,0,0,0,0,1,1,0,0,1.55
16,12,I,2,1,1,0,0,0,0,1,1,0,0,1.55
18,12,I,2,1,1,1,0,0,0,0,1,0,0,1.55
20,12,I,2,1,1,0,0,0,0,0,0,1,1,1.55
22,12,I,2,1,1,0,0,0,1,0,1,0,0,1.55
24,12,I,2,1,1,0,0,0,1,1,1,0,0,1.55
26,12,I,2,1,1,0,0,1,1,1,1,0,0,1.55
28,12,I,2,1,1,0,1,0,1,0,1,0,0,1.55
30,12,I,2,1,1,0,0,0,1,1,1,0,0,1.55
32,12,I,2,1,1,0,0,0,0,0,0,0,1,1.55
34,12,I,2,1,1,0,0,0,0,0,0,1,1,1.55
36,12,I,2,1,1,0,0,0,1,0,1,1,1,1.55
38,12,I,2,1,1,1,0,0,1,0,1,0,0,1.55
40,12,I,2,1,1,1,0,0,1,0,1,0,0,1.55
42,12,I,2,1,1,0,0,0,0,0,0,1,1,1.55
44,12,I,2,1,1,1,0,0,1,0,1,1,1,1.55
46,12,I,2,1,1,1,0,0,1,0,1,0,0,1.55
48,12,I,2,1,1,0,1,0,1,0,1,0,0,1.55
50,12,I,2,1,1,0,1,0,1,0,0,0,0,1.55
2,12,I,2,2,1,0,0,1,1,0,0,0,0,1.55
4,12,I,2,2,1,0,0,1,1,1,1,0,0,1.55
6,12,I,2,2,1,0,0,1,1,1,1,0,0,1.55
8,12,I,2,2,1,0,0,0,0,1,1,0,0,1.55
10,12,I,2,2,1,0,0,1,1,0,1,0,0,1.55
12,12,I,2,2,1,0,0,0,1,0,0,0,1,1.55
14,12,I,2,2,1,0,0,0,0,0,1,0,1,1.55
16,12,I,2,2,1,0,0,0,0,0,0,0,1,1.55
18,12,I,2,2,1,0,0,1,0,0,0,1,1,1.55
20,12,I,2,2,1,1,0,0,1,0,1,0,0,1.55
22,12,I,2,2,1,1,0,0,1,0,1,0,0,1.55
24,12,I,2,2,1,0,0,1,0,0,1,0,1,1.55
26,12,I,2,2,1,0,0,0,1,0,1,0,0,1.55
28,12,I,2,2,1,0,0,1,1,0,1,0,1,1.55
30,12,I,2,2,1,1,0,0,1,0,1,0,0,1.55
32,12,I,2,2,1,1,1,0,1,0,1,0,0,1.55
34,12,I,2,2,1,0,1,0,1,0,1,0,0,1.55
36,12,I,2,2,1,0,0,0,0,0,0,1,0,1.55
38,12,I,2,2,1,1,1,0,1,0,1,1,0,1.55
40,12,I,2,2,1,1,0,0,1,0,1,0,0,1.55
42,12,I,2,2,1,0,1,0,1,0,0,0,0,1.55
44,12,I,2,2,1,1,0,0,0,1,1,0,0,1.55
46,12,I,2,2,1,0,0,0,0,1,1,0,0,1.55
48,12,I,2,2,1,1,0,1,1,0,0,0,0,1.55
2,12,I,2,3,1,0,0,1,0,0,0,0,1,1.55
4,12,I,2,3,1,1,0,0,1,0,0,0,0,1.55
6,12,I,2,3,1,1,0,0,1,0,1,0,0,1.55
8,12,I,2,3,1,1,0,0,1,0,1,0,0,1.55
10,12,I,2,3,1,0,0,0,1,0,1,0,1,1.55
12,12,I,2,3,1,0,0,0,0,1,0,0,0,1.55
14,12,I,2,3,1,0,0,0,0,1,0,0,0,1.55
16,12,I,2,3,1,0,0,0,0,1,0,0,0,1.55
18,12,I,2,3,1,0,0,1,0,1,1,0,1,1.55
20,12,I,2,3,1,1,0,0,0,0,0,0,0,1.55
22,12,I,2,3,1,0,0,0,0,1,0,0,0,1.55
24,12,I,2,3,1,0,0,0,0,0,0,0,0,1.55
26,12,I,2,3,1,0,0,0,0,0,0,1,1,1.55
28,12,I,2,3,1,0,0,0,0,0,0,1,1,1.55
30,12,I,2,3,1,0,0,0,0,0,0,1,1,1.55
32,12,I,2,3,1,0,0,0,0,0,0,1,1,1.55
34,12,I,2,3,1,0,0,0,0,0,0,1,0,1.55
36,12,I,2,3,1,0,0,0,0,0,0,1,1,1.55
38,12,I,2,3,1,0,0,0,0,0,0,1,1,1.55
40,12,I,2,3,1,0,0,0,0,0,0,1,1,1.55
42,12,I,2,3,1,0,0,0,0,0,0,1,1,1.55
44,12,I,2,3,1,1,0,1,1,0,0,1,1,1.55
46,12,I,2,3,1,1,0,0,1,0,1,0,0,1.55
48,12,I,2,3,1,1,0,0,1,0,0,0,0,1.55
2,12,J,2,1,1,0,0,0,0,0,0,0,0,1.26
4,12,J,2,1,1,0,0,0,0,0,0,0,0,1.26
6,12,J,2,1,1,0,0,0,0,0,0,0,0,1.26
8,12,J,2,1,1,0,0,0,0,1,0,0,0,1.26
10,12,J,2,1,1,0,0,1,1,1,0,0,0,1.26
12,12,J,2,1,1,0,0,1,1,0,0,0,1,1.26
14,12,J,2,1,1,0,0,0,1,0,0,0,0,1.26
16,12,J,2,1,1,0,0,0,0,1,0,0,0,1.26
18,12,J,2,1,1,0,0,0,0,1,0,0,1,1.26
20,12,J,2,1,1,0,0,0,1,0,0,1,1,1.26
22,12,J,2,1,1,1,0,0,1,0,0,0,1,1.26
24,12,J,2,1,1,0,0,1,1,0,0,0,0,1.26
26,12,J,2,1,1,0,0,0,1,0,0,0,0,1.26
28,12,J,2,1,1,0,0,0,1,0,1,0,1,1.26
30,12,J,2,1,1,0,0,1,1,0,1,0,0,1.26
32,12,J,2,1,1,0,0,1,1,0,0,0,0,1.26
34,12,J,2,1,1,0,0,1,1,0,0,0,0,1.26
36,12,J,2,1,1,0,0,0,1,0,1,0,0,1.26
38,12,J,2,1,1,1,0,0,0,0,1,0,0,1.26
40,12,J,2,1,1,0,0,0,0,0,1,0,0,1.26
42,12,J,2,1,1,0,1,0,0,0,1,0,0,1.26
44,12,J,2,1,1,0,0,0,0,0,1,0,1,1.26
46,12,J,2,1,1,0,0,1,1,0,0,0,1,1.26
48,12,J,2,1,1,0,0,0,1,0,0,0,0,1.26
50,12,J,2,1,1,1,0,0,1,0,1,0,0,1.26
52,12,J,2,1,1,0,1,0,1,0,1,0,0,1.26
54,12,J,2,1,1,0,1,0,1,0,1,0,0,1.26
56,12,J,2,1,1,0,0,0,1,0,0,0,0,1.26
58,12,J,2,1,1,0,0,0,1,0,1,0,0,1.26
60,12,J,2,1,1,0,1,0,1,0,0,0,1,1.26
62,12,J,2,1,1,0,0,1,1,0,0,0,1,1.26
64,12,J,2,1,1,0,0,0,1,0,0,0,1,1.26
66,12,J,2,1,1,0,0,0,1,0,1,0,1,1.26
68,12,J,2,1,1,0,0,0,1,0,1,0,1,1.26
70,12,J,2,1,1,1,0,0,1,0,1,0,1,1.26
72,12,J,2,1,1,0,0,1,1,0,0,0,0,1.26
74,12,J,2,1,1,0,0,0,1,0,1,0,1,1.26
76,12,J,2,1,1,0,0,0,1,1,0,0,0,1.26
2,12,J,2,2,1,0,0,0,0,0,0,0,0,1.26
4,12,J,2,2,1,0,0,0,0,1,0,0,0,1.26
6,12,J,2,2,1,1,0,0,1,0,0,1,1,1.26
8,12,J,2,2,1,1,0,0,1,0,0,0,0,1.26
10,12,J,2,2,1,0,0,0,1,1,0,0,0,1.26
12,12,J,2,2,1,0,0,0,0,1,0,0,0,1.26
14,12,J,2,2,1,0,0,0,0,1,0,0,0,1.26
16,12,J,2,2,1,0,0,0,0,1,0,0,0,1.26
18,12,J,2,2,1,0,0,0,0,1,0,0,0,1.26
20,12,J,2,2,1,0,0,0,0,1,0,0,0,1.26
22,12,J,2,2,1,0,0,0,0,0,0,0,0,1.26
24,12,J,2,2,1,0,0,0,0,1,0,1,1,1.26
26,12,J,2,2,1,0,0,0,0,0,0,1,1,1.26
28,12,J,2,2,1,0,0,0,0,0,0,1,1,1.26
30,12,J,2,2,1,1,0,0,1,0,0,1,1,1.26
32,12,J,2,2,1,1,0,0,1,0,1,0,0,1.26
34,12,J,2,2,1,1,0,0,1,0,0,0,0,1.26
36,12,J,2,2,1,0,0,0,1,0,0,0,0,1.26
38,12,J,2,2,1,0,0,0,1,1,0,0,0,1.26
40,12,J,2,2,1,0,0,0,0,1,0,0,0,1.26
42,12,J,2,2,1,0,0,0,0,1,0,1,1,1.26
44,12,J,2,2,1,0,0,0,0,0,0,1,1,1.26
46,12,J,2,2,1,1,0,0,1,0,0,0,0,1.26
48,12,J,2,2,1,1,0,0,1,1,0,0,0,1.26
50,12,J,2,2,1,1,0,0,1,1,0,0,0,1.26
52,12,J,2,2,1,0,0,0,0,0,0,1,1,1.26
54,12,J,2,2,1,0,0,0,1,0,0,1,1,1.26
56,12,J,2,2,1,1,0,0,1,1,0,0,1,1.26
58,12,J,2,2,1,0,0,0,0,1,0,0,0,1.26
60,12,J,2,2,1,0,0,0,0,0,0,1,1,1.26
62,12,J,2,2,1,0,0,0,0,0,0,1,1,1.26
64,12,J,2,2,1,0,0,0,0,0,0,1,1,1.26
66,12,J,2,2,1,0,0,0,1,0,0,1,1,1.26
68,12,J,2,2,1,0,1,0,1,0,0,0,0,1.26
70,12,J,2,2,1,1,0,0,1,0,0,0,0,1.26
72,12,J,2,2,1,0,1,0,1,1,0,0,0,1.26
74,12,J,2,2,1,0,0,1,1,0,0,0,1,1.26
76,12,J,2,2,1,0,0,0,1,0,0,0,0,1.26
2,12,K,2,1,1,0,0,0,0,0,0,0,0,0.83
4,12,K,2,1,1,0,0,0,0,1,0,0,0,0.83
6,12,K,2,1,1,0,0,0,0,1,0,0,0,0.83
8,12,K,2,1,1,0,0,0,0,1,0,0,0,0.83
10,12,K,2,1,1,0,0,1,0,1,0,0,0,0.83
12,12,K,2,1,1,0,0,1,0,1,0,1,1,0.83
14,12,K,2,1,1,0,0,1,0,0,0,1,1,0.83
16,12,K,2,1,1,0,0,1,0,0,0,1,1,0.83
18,12,K,2,1,1,1,0,1,1,0,0,0,0,0.83
20,12,K,2,1,1,1,0,0,1,0,0,0,0,0.83
22,12,K,2,1,1,0,0,1,0,0,0,1,1,0.83
24,12,K,2,1,1,0,0,1,0,0,0,1,1,0.83
26,12,K,2,1,1,0,0,1,0,0,0,1,1,0.83
28,12,K,2,1,1,0,0,1,0,0,0,1,1,0.83
30,12,K,2,1,1,0,0,1,1,0,0,0,1,0.83
32,12,K,2,1,1,1,0,0,1,0,0,0,0,0.83
34,12,K,2,1,1,0,0,0,1,0,0,0,0,0.83
36,12,K,2,1,1,1,0,0,1,0,0,0,0,0.83
38,12,K,2,1,1,0,1,1,0,0,0,0,1,0.83
40,12,K,2,1,1,0,0,1,0,0,0,1,1,0.83
42,12,K,2,1,1,0,0,1,0,0,0,1,1,0.83
44,12,K,2,1,1,0,0,1,0,0,0,1,1,0.83
46,12,K,2,1,1,1,0,1,1,0,0,1,1,0.83
48,12,K,2,1,1,0,1,0,1,0,0,0,0,0.83
50,12,K,2,1,1,0,0,0,1,0,0,0,0,0.83
2,12,K,2,2,1,0,0,0,0,0,0,0,0,0.83
4,12,K,2,2,1,0,0,0,0,0,0,0,0,0.83
6,12,K,2,2,1,0,0,0,0,0,0,0,0,0.83
8,12,K,2,2,1,0,0,0,0,1,0,0,0,0.83
10,12,K,2,2,1,0,0,0,0,1,0,0,1,0.83
12,12,K,2,2,1,0,0,0,0,0,0,1,1,0.83
14,12,K,2,2,1,0,0,0,0,0,0,0,1,0.83
16,12,K,2,2,1,1,0,0,1,0,0,0,1,0.83
18,12,K,2,2,1,1,0,0,1,0,0,0,0,0.83
20,12,K,2,2,1,1,0,0,1,0,0,0,0,0.83
22,12,K,2,2,1,0,0,0,1,0,0,0,0,0.83
24,12,K,2,2,1,0,0,0,1,0,0,0,1,0.83
26,12,K,2,2,1,0,0,0,0,0,0,1,1,0.83
28,12,K,2,2,1,1,0,0,1,0,0,0,1,0.83
30,12,K,2,2,1,1,0,0,1,0,0,0,0,0.83
32,12,K,2,2,1,0,0,0,0,1,0,0,0,0.83
34,12,K,2,2,1,0,1,0,0,1,0,0,0,0.83
36,12,K,2,2,1,0,1,0,0,0,0,0,0,0.83
38,12,K,2,2,1,0,0,0,0,1,0,1,1,0.83
40,12,K,2,2,1,0,0,0,0,0,0,1,1,0.83
42,12,K,2,2,1,0,0,0,0,0,0,1,1,0.83
44,12,K,2,2,1,1,0,0,1,0,0,0,0,0.83
46,12,K,2,2,1,1,0,0,1,0,0,0,0,0.83
48,12,K,2,2,1,1,0,0,1,0,0,0,0,0.83
50,12,K,2,2,1,0,0,0,1,0,0,0,0,0.83
2,12,K,2,3,1,0,0,0,0,1,0,0,0,0.83
4,12,K,2,3,1,0,0,0,0,1,0,0,0,0.83
6,12,K,2,3,1,0,0,0,0,1,0,0,0,0.83
8,12,K,2,3,1,0,0,0,0,1,0,0,0,0.83
10,12,K,2,3,1,0,0,0,0,1,0,1,1,0.83
12,12,K,2,3,1,1,0,0,1,0,0,0,0,0.83
14,12,K,2,3,1,1,1,0,1,1,0,0,0,0.83
16,12,K,2,3,1,0,0,0,0,1,0,0,0,0.83
18,12,K,2,3,1,0,0,0,0,1,0,0,0,0.83
20,12,K,2,3,1,0,0,0,0,1,0,0,0,0.83
22,12,K,2,3,1,0,0,0,0,1,0,0,0,0.83
24,12,K,2,3,1,0,0,1,0,1,0,1,1,0.83
26,12,K,2,3,1,0,0,1,0,0,0,1,1,0.83
28,12,K,2,3,1,0,0,0,1,0,0,0,0,0.83
30,12,K,2,3,1,0,1,0,0,0,0,0,0,0.83
32,12,K,2,3,1,0,0,0,0,1,0,0,0,0.83
34,12,K,2,3,1,0,0,0,0,1,0,0,0,0.83
2,12,Y,1,1,1,0,1,0,0,0,0,0,0,1.4
4,12,Y,1,1,1,1,0,0,0,1,0,0,0,1.4
6,12,Y,1,1,1,0,1,0,0,1,0,0,0,1.4
8,12,Y,1,1,1,1,0,0,0,1,1,0,0,1.4
10,12,Y,1,1,1,1,0,0,0,0,1,0,0,1.4
12,12,Y,1,1,1,1,0,0,0,0,1,0,0,1.4
14,12,Y,1,1,1,1,1,0,0,1,1,0,0,1.4
16,12,Y,1,1,1,0,0,0,0,1,0,0,1,1.4
18,12,Y,1,1,1,1,0,0,0,0,0,1,1,1.4
20,12,Y,1,1,1,1,0,0,1,0,0,0,0,1.4
22,12,Y,1,1,1,0,1,0,0,1,0,0,0,1.4
24,12,Y,1,1,1,0,1,0,0,0,0,0,0,1.4
26,12,Y,1,1,1,1,1,0,0,0,0,0,0,1.4
28,12,Y,1,1,1,1,0,0,0,1,0,0,0,1.4
30,12,Y,1,1,1,0,0,0,0,1,0,0,0,1.4
32,12,Y,1,1,1,0,0,0,0,0,0,1,1,1.4
34,12,Y,1,1,1,1,0,0,0,1,0,0,0,1.4
36,12,Y,1,1,1,1,0,0,0,0,0,0,0,1.4
38,12,Y,1,1,1,0,0,0,0,0,0,0,0,1.4
40,12,Y,1,1,1,0,1,0,0,1,0,0,0,1.4
42,12,Y,1,1,1,1,0,0,0,1,0,0,0,1.4
44,12,Y,1,1,1,0,0,0,0,0,0,0,0,1.4
46,12,Y,1,1,1,0,0,0,0,0,0,0,0,1.4
48,12,Y,1,1,1,1,1,0,0,1,0,0,0,1.4
2,12,Y,1,2,1,0,0,0,0,0,0,0,0,1.4
4,12,Y,1,2,1,1,0,0,0,1,1,0,0,1.4
6,12,Y,1,2,1,1,0,0,0,1,1,0,0,1.4
8,12,Y,1,2,1,0,0,0,0,1,1,0,0,1.4
10,12,Y,1,2,1,0,1,0,0,1,0,0,0,1.4
12,12,Y,1,2,1,0,0,0,0,1,0,0,0,1.4
14,12,Y,1,2,1,0,0,0,0,0,0,1,1,1.4
16,12,Y,1,2,1,1,0,0,1,0,1,1,1,1.4
18,12,Y,1,2,1,1,0,0,1,0,1,0,0,1.4
20,12,Y,1,2,1,1,0,0,1,0,1,0,0,1.4
22,12,Y,1,2,1,0,0,0,1,1,1,0,0,1.4
24,12,Y,1,2,1,0,1,0,0,1,0,0,0,1.4
26,12,Y,1,2,1,0,0,0,0,1,0,0,0,1.4
28,12,Y,1,2,1,0,0,0,0,1,0,0,0,1.4
30,12,Y,1,2,1,0,1,0,0,1,0,0,0,1.4
32,12,Y,1,2,1,1,0,0,1,1,0,1,1,1.4
34,12,Y,1,2,1,1,0,0,1,0,0,0,0,1.4
36,12,Y,1,2,1,1,0,0,0,1,0,0,0,1.4
38,12,Y,1,2,1,0,0,0,0,1,0,0,0,1.4
40,12,Y,1,2,1,0,0,0,0,1,0,0,0,1.4
42,12,Y,1,2,1,0,1,0,0,1,0,0,0,1.4
44,12,Y,1,2,1,1,0,0,0,1,0,0,0,1.4
46,12,Y,1,2,1,0,0,0,0,1,0,0,0,1.4
48,12,Y,1,2,1,0,0,0,0,0,0,0,0,1.4
2,12,Y,1,3,1,0,0,0,0,0,0,0,0,1.4
4,12,Y,1,3,1,0,0,0,0,1,0,0,0,1.4
6,12,Y,1,3,1,0,0,0,0,1,0,0,0,1.4
8,12,Y,1,3,1,0,0,0,0,1,0,0,0,1.4
10,12,Y,1,3,1,0,0,0,0,1,0,0,0,1.4
12,12,Y,1,3,1,0,0,0,0,0,0,1,1,1.4
14,12,Y,1,3,1,0,0,0,0,0,0,1,1,1.4
16,12,Y,1,3,1,0,0,0,0,0,0,1,1,1.4
18,12,Y,1,3,1,0,0,0,0,0,0,1,1,1.4
20,12,Y,1,3,1,0,0,0,0,0,0,1,1,1.4
22,12,Y,1,3,1,0,0,0,0,0,0,0,0,1.4
24,12,Y,1,3,1,0,0,0,0,0,0,0,0,1.4
26,12,Y,1,3,1,0,0,0,0,0,0,0,1,1.4
28,12,Y,1,3,1,0,0,0,0,0,0,1,1,1.4
30,12,Y,1,3,1,0,0,0,0,0,0,1,1,1.4
32,12,Y,1,3,1,0,0,0,0,0,0,1,1,1.4
34,12,Y,1,3,1,0,0,0,0,0,0,1,1,1.4
36,12,Y,1,3,1,0,0,1,0,0,0,0,1,1.4
38,12,Y,1,3,1,1,0,0,1,0,1,0,0,1.4
40,12,Y,1,3,1,0,1,0,0,0,0,0,0,1.4
42,12,Y,1,3,1,0,0,0,0,0,0,0,0,1.4
44,12,Y,1,3,1,0,0,0,0,0,0,0,0,1.4
46,12,Y,1,3,1,1,0,0,1,0,1,0,0,1.4
48,12,Y,1,3,1,1,0,0,1,0,1,0,0,1.4
50,12,Y,1,3,1,1,1,0,1,0,0,0,0,1.4
52,12,Y,1,3,1,1,1,0,1,0,1,0,0,1.4
54,12,Y,1,3,1,1,0,0,1,0,1,0,0,1.4
2,21,L,1,1,2,0,0,0,0,1,0,0,0,0.16
4,21,L,1,1,2,0,0,1,0,1,0,0,1,0.16
6,21,L,1,1,2,0,0,1,0,0,0,0,1,0.16
8,21,L,1,1,2,1,0,1,1,0,0,0,0,0.16
10,21,L,1,1,2,1,0,0,1,0,1,0,0,0.16
12,21,L,1,1,2,0,0,0,1,0,1,0,0,0.16
14,21,L,1,1,2,0,0,0,1,1,1,0,0,0.16
16,21,L,1,1,2,0,0,0,1,1,0,0,0,0.16
18,21,L,1,1,2,0,0,0,0,1,0,0,0,0.16
20,21,L,1,1,2,0,0,0,0,1,0,0,0,0.16
22,21,L,1,1,2,0,0,0,0,1,0,0,0,0.16
24,21,L,1,1,2,0,0,0,0,1,0,0,0,0.16
26,21,L,1,1,2,0,0,0,0,1,0,0,0,0.16
28,21,L,1,1,2,0,0,0,0,1,0,0,0,0.16
30,21,L,1,1,2,1,0,0,0,1,0,0,0,0.16
32,21,L,1,1,2,0,0,0,0,1,0,0,0,0.16
34,21,L,1,1,2,0,0,0,0,1,0,0,0,0.16
36,21,L,1,1,2,0,0,0,0,1,0,0,0,0.16
38,21,L,1,1,2,0,0,0,0,1,0,0,0,0.16
40,21,L,1,1,2,0,0,0,0,1,0,0,0,0.16
42,21,L,1,1,2,0,0,0,0,1,1,0,0,0.16
44,21,L,1,1,2,0,0,0,0,1,1,0,0,0.16
46,21,L,1,1,2,0,0,0,0,1,1,0,0,0.16
48,21,L,1,1,2,0,1,0,0,1,0,0,0,0.16
50,21,L,1,1,2,0,0,0,0,1,0,0,0,0.16
52,21,L,1,1,2,0,0,0,0,1,0,0,0,0.16
54,21,L,1,1,2,1,0,0,0,1,0,0,0,0.16
56,21,L,1,1,2,0,1,0,0,1,0,0,0,0.16
58,21,L,1,1,2,0,0,0,0,1,0,0,0,0.16
60,21,L,1,1,2,0,0,0,0,1,0,0,0,0.16
62,21,L,1,1,2,0,0,0,0,1,0,0,0,0.16
64,21,L,1,1,2,0,0,0,0,1,0,0,0,0.16
66,21,L,1,1,2,0,0,1,0,1,0,0,1,0.16
68,21,L,1,1,2,0,0,1,1,1,0,0,1,0.16
2,21,L,1,2,2,0,0,0,0,1,0,0,0,0.16
4,21,L,1,2,2,0,0,0,0,1,1,0,0,0.16
6,21,L,1,2,2,0,0,0,0,1,1,0,0,0.16
8,21,L,1,2,2,0,0,0,0,1,1,0,0,0.16
10,21,L,1,2,2,0,0,0,0,1,1,0,0,0.16
12,21,L,1,2,2,0,0,0,0,1,0,0,0,0.16
14,21,L,1,2,2,0,0,0,0,1,0,0,0,0.16
16,21,L,1,2,2,0,0,0,0,1,0,0,0,0.16
18,21,L,1,2,2,0,0,0,0,1,0,0,0,0.16
20,21,L,1,2,2,0,1,0,0,1,0,0,0,0.16
22,21,L,1,2,2,0,0,0,0,1,0,0,0,0.16
24,21,L,1,2,2,0,0,0,0,1,0,0,0,0.16
26,21,L,1,2,2,0,0,0,0,1,0,0,0,0.16
28,21,L,1,2,2,0,0,0,0,1,0,0,0,0.16
30,21,L,1,2,2,0,0,0,0,1,0,0,0,0.16
32,21,L,1,2,2,0,0,0,0,1,0,0,0,0.16
34,21,L,1,2,2,0,0,0,0,1,0,0,0,0.16
36,21,L,1,2,2,1,0,0,0,1,0,0,0,0.16
38,21,L,1,2,2,0,0,0,0,1,0,0,0,0.16
40,21,L,1,2,2,0,0,1,0,1,0,1,1,0.16
42,21,L,1,2,2,1,0,1,1,0,0,1,1,0.16
44,21,L,1,2,2,1,0,0,1,0,0,0,0,0.16
46,21,L,1,2,2,1,0,0,1,0,0,0,0,0.16
48,21,L,1,2,2,0,0,0,1,1,0,0,0,0.16
50,21,L,1,2,2,0,0,1,1,1,0,0,1,0.16
52,21,L,1,2,2,0,0,0,0,1,0,0,0,0.16
54,21,L,1,2,2,1,0,0,0,1,0,0,0,0.16
56,21,L,1,2,2,0,0,0,0,1,0,0,0,0.16
58,21,L,1,2,2,0,0,0,0,1,0,0,0,0.16
60,21,L,1,2,2,0,0,0,0,1,0,0,0,0.16
62,21,L,1,2,2,0,0,1,0,1,0,1,1,0.16
64,21,L,1,2,2,0,0,1,1,0,0,0,1,0.16
66,21,L,1,2,2,0,0,1,1,0,0,0,1,0.16
2,21,M,1,1,2,0,0,0,0,1,0,0,0,1.09
4,21,M,1,1,2,0,0,0,0,1,0,0,0,1.09
6,21,M,1,1,2,1,0,0,0,1,0,0,0,1.09
8,21,M,1,1,2,0,0,0,0,1,0,0,0,1.09
10,21,M,1,1,2,0,0,0,0,1,0,0,0,1.09
12,21,M,1,1,2,0,0,0,0,1,0,0,0,1.09
14,21,M,1,1,2,0,0,0,0,1,0,0,0,1.09
16,21,M,1,1,2,0,1,0,0,0,0,0,0,1.09
18,21,M,1,1,2,1,0,0,0,1,0,0,0,1.09
20,21,M,1,1,2,1,0,0,0,1,0,0,0,1.09
22,21,M,1,1,2,1,0,0,0,1,0,0,0,1.09
24,21,M,1,1,2,0,0,0,0,1,0,0,0,1.09
26,21,M,1,1,2,0,0,0,0,1,0,0,0,1.09
28,21,M,1,1,2,0,0,1,1,0,0,1,1,1.09
30,21,M,1,1,2,0,1,1,1,0,0,0,1,1.09
32,21,M,1,1,2,1,0,0,1,0,0,0,0,1.09
34,21,M,1,1,2,0,0,0,0,1,0,0,0,1.09
36,21,M,1,1,2,0,0,0,0,0,0,1,1,1.09
38,21,M,1,1,2,0,0,0,0,0,0,1,1,1.09
40,21,M,1,1,2,0,0,0,0,0,0,1,1,1.09
42,21,M,1,1,2,0,0,0,1,0,0,0,1,1.09
44,21,M,1,1,2,0,0,1,1,0,0,0,1,1.09
46,21,M,1,1,2,1,0,1,1,0,0,0,0,1.09
48,21,M,1,1,2,0,0,0,1,0,0,0,0,1.09
50,21,M,1,1,2,1,1,0,1,0,0,0,0,1.09
52,21,M,1,1,2,1,0,0,1,1,0,0,0,1.09
54,21,M,1,1,2,0,1,0,0,1,0,0,0,1.09
56,21,M,1,1,2,0,0,0,0,1,0,0,0,1.09
58,21,M,1,1,2,0,0,0,0,1,0,0,0,1.09
60,21,M,1,1,2,1,0,0,0,1,0,0,0,1.09
62,21,M,1,1,2,0,0,0,0,1,0,0,0,1.09
64,21,M,1,1,2,0,0,0,0,1,0,0,0,1.09
66,21,M,1,1,2,0,0,0,0,1,0,0,0,1.09
68,21,M,1,1,2,0,0,0,0,1,0,0,0,1.09
2,21,M,1,2,2,0,0,0,0,0,0,0,0,1.09
4,21,M,1,2,2,0,0,0,0,0,0,0,0,1.09
6,21,M,1,2,2,0,0,0,0,0,0,0,0,1.09
8,21,M,1,2,2,0,0,0,0,0,0,0,0,1.09
10,21,M,1,2,2,0,0,0,0,1,0,0,0,1.09
12,21,M,1,2,2,0,0,1,0,1,0,0,1,1.09
14,21,M,1,2,2,1,0,1,1,0,0,0,1,1.09
16,21,M,1,2,2,0,0,0,0,1,0,0,0,1.09
18,21,M,1,2,2,0,0,1,0,1,0,0,1,1.09
20,21,M,1,2,2,1,0,1,1,0,0,0,1,1.09
22,21,M,1,2,2,1,0,0,0,1,0,0,0,1.09
24,21,M,1,2,2,1,0,0,0,1,0,0,1,1.09
26,21,M,1,2,2,0,0,0,0,0,0,1,1,1.09
28,21,M,1,2,2,0,0,0,0,0,0,1,1,1.09
30,21,M,1,2,2,0,0,0,0,0,0,1,1,1.09
32,21,M,1,2,2,0,0,0,0,0,0,1,1,1.09
34,21,M,1,2,2,0,0,0,0,0,0,1,1,1.09
36,21,M,1,2,2,0,0,0,0,0,0,1,1,1.09
38,21,M,1,2,2,0,0,0,0,0,0,1,1,1.09
40,21,M,1,2,2,0,0,0,0,0,0,1,1,1.09
42,21,M,1,2,2,1,0,0,1,0,0,0,1,1.09
44,21,M,1,2,2,1,1,0,1,0,0,0,0,1.09
46,21,M,1,2,2,1,0,0,1,0,0,0,0,1.09
48,21,M,1,2,2,0,0,1,1,0,0,0,1,1.09
50,21,M,1,2,2,1,0,0,1,0,0,0,0,1.09
52,21,M,1,2,2,0,1,0,0,0,0,0,0,1.09
54,21,M,1,2,2,0,1,0,0,0,0,0,0,1.09
56,21,M,1,2,2,0,1,0,0,1,0,0,0,1.09
58,21,M,1,2,2,1,0,1,1,1,0,0,1,1.09
60,21,M,1,2,2,0,0,1,1,0,0,0,1,1.09
62,21,M,1,2,2,0,0,1,1,0,0,1,1,1.09
64,21,M,1,2,2,1,0,0,1,0,0,0,0,1.09
66,21,M,1,2,2,1,0,0,1,1,0,0,0,1.09
68,21,M,1,2,2,1,0,0,0,1,0,0,0,1.09
70,21,M,1,2,2,0,0,1,1,0,0,0,1,1.09
72,21,M,1,2,2,1,0,0,0,1,0,0,0,1.09
74,21,M,1,2,2,1,0,0,0,1,0,0,0,1.09
76,21,M,1,2,2,1,0,0,0,0,0,0,0,1.09
78,21,M,1,2,2,1,0,0,1,1,0,0,0,1.09
2,21,N,1,1,2,0,0,0,0,1,0,0,0,0.89
4,21,N,1,1,2,1,0,0,0,1,0,0,0,0.89
6,21,N,1,1,2,1,1,0,0,1,0,0,0,0.89
8,21,N,1,1,2,1,0,0,0,1,0,0,0,0.89
10,21,N,1,1,2,0,0,0,0,1,0,1,1,0.89
12,21,N,1,1,2,0,0,0,0,0,0,1,1,0.89
14,21,N,1,1,2,1,0,0,1,0,0,1,1,0.89
16,21,N,1,1,2,1,1,0,1,0,0,0,0,0.89
18,21,N,1,1,2,0,1,0,1,0,0,0,0,0.89
20,21,N,1,1,2,1,1,0,1,0,0,0,0,0.89
22,21,N,1,1,2,0,0,0,1,1,0,0,0,0.89
24,21,N,1,1,2,0,0,1,1,0,0,0,1,0.89
26,21,N,1,1,2,1,0,0,0,1,0,0,0,0.89
28,21,N,1,1,2,1,1,0,0,1,0,0,0,0.89
30,21,N,1,1,2,0,1,0,0,1,0,0,0,0.89
32,21,N,1,1,2,0,0,0,0,1,0,0,0,0.89
34,21,N,1,1,2,1,0,0,0,0,0,0,0,0.89
36,21,N,1,1,2,1,1,0,0,0,0,0,0,0.89
38,21,N,1,1,2,0,1,1,0,0,0,0,1,0.89
40,21,N,1,1,2,1,0,0,1,0,0,0,1,0.89
42,21,N,1,1,2,1,0,0,1,0,0,0,0,0.89
44,21,N,1,1,2,0,1,0,1,0,0,0,0,0.89
46,21,N,1,1,2,1,0,0,1,1,0,0,0,0.89
48,21,N,1,1,2,0,0,1,0,1,0,0,1,0.89
2,21,N,1,2,2,0,1,0,0,0,0,0,0,0.89
4,21,N,1,2,2,1,0,0,0,0,0,0,0,0.89
6,21,N,1,2,2,0,0,1,0,1,0,0,1,0.89
8,21,N,1,2,2,1,0,1,1,0,0,0,1,0.89
10,21,N,1,2,2,1,0,0,1,0,0,0,0,0.89
12,21,N,1,2,2,1,1,0,1,0,0,0,0,0.89
14,21,N,1,2,2,0,1,1,1,0,0,0,1,0.89
16,21,N,1,2,2,0,1,1,1,0,0,0,0,0.89
18,21,N,1,2,2,1,1,0,1,0,0,0,0,0.89
20,21,N,1,2,2,0,0,1,1,1,0,0,1,0.89
22,21,N,1,2,2,0,1,1,1,0,0,0,1,0.89
24,21,N,1,2,2,1,0,0,1,1,0,0,0,0.89
26,21,N,1,2,2,0,1,0,0,1,0,0,0,0.89
28,21,N,1,2,2,0,0,0,0,1,0,0,0,0.89
30,21,N,1,2,2,1,0,0,0,1,0,0,0,0.89
32,21,N,1,2,2,1,0,1,1,0,0,0,1,0.89
34,21,N,1,2,2,1,0,0,1,0,0,0,0,0.89
36,21,N,1,2,2,1,0,1,1,1,0,0,0,0.89
38,21,N,1,2,2,0,1,1,0,1,0,0,1,0.89
40,21,N,1,2,2,0,0,1,1,0,0,0,1,0.89
42,21,N,1,2,2,1,0,0,1,1,0,0,0,0.89
44,21,N,1,2,2,1,0,0,0,1,0,0,0,0.89
46,21,N,1,2,2,0,0,0,0,1,0,1,1,0.89
48,21,N,1,2,2,0,1,1,0,0,0,1,1,0.89
2,21,N,1,3,2,1,0,1,0,1,0,0,1,0.89
4,21,N,1,3,2,1,1,1,1,0,0,0,1,0.89
6,21,N,1,3,2,0,0,0,1,1,0,0,0,0.89
8,21,N,1,3,2,0,0,0,0,1,0,1,1,0.89
10,21,N,1,3,2,0,0,0,0,0,0,1,1,0.89
12,21,N,1,3,2,1,0,0,1,0,0,0,0,0.89
14,21,N,1,3,2,1,0,0,1,0,0,0,0,0.89
16,21,N,1,3,2,1,0,1,1,0,0,0,1,0.89
18,21,N,1,3,2,1,0,1,1,0,0,0,1,0.89
20,21,N,1,3,2,0,0,0,1,1,0,0,0,0.89
22,21,N,1,3,2,0,0,0,0,1,0,1,1,0.89
24,21,N,1,3,2,1,1,0,0,1,0,0,1,0.89
26,21,N,1,3,2,0,0,0,0,0,0,1,1,0.89
28,21,N,1,3,2,0,0,0,1,0,0,1,1,0.89
30,21,N,1,3,2,0,0,0,1,1,0,1,1,0.89
32,21,N,1,3,2,0,0,0,1,0,0,1,1,0.89
34,21,N,1,3,2,0,0,0,1,0,0,0,1,0.89
36,21,N,1,3,2,0,1,0,1,1,0,0,1,0.89
38,21,N,1,3,2,0,0,0,1,1,0,0,0,0.89
2,21,O,1,1,2,0,0,0,0,0,0,0,0,1.04
4,21,O,1,1,2,1,0,0,0,1,0,0,0,1.04
6,21,O,1,1,2,1,0,0,0,1,0,0,0,1.04
8,21,O,1,1,2,0,0,0,0,1,0,0,1,1.04
10,21,O,1,1,2,1,0,0,1,0,0,0,1,1.04
12,21,O,1,1,2,0,0,0,1,1,0,0,0,1.04
14,21,O,1,1,2,0,1,0,0,1,0,0,0,1.04
16,21,O,1,1,2,0,0,0,0,1,0,0,0,1.04
18,21,O,1,1,2,1,0,0,0,1,0,0,0,1.04
20,21,O,1,1,2,0,0,0,0,1,0,0,0,1.04
22,21,O,1,1,2,0,0,0,0,1,0,0,0,1.04
24,21,O,1,1,2,1,0,0,0,1,0,0,0,1.04
26,21,O,1,1,2,1,0,0,1,0,0,0,0,1.04
28,21,O,1,1,2,1,0,0,1,0,0,0,1,1.04
30,21,O,1,1,2,1,1,0,1,0,0,0,1,1.04
32,21,O,1,1,2,1,0,0,1,0,0,0,0,1.04
34,21,O,1,1,2,1,0,0,1,1,0,0,0,1.04
36,21,O,1,1,2,0,0,1,0,1,0,0,1,1.04
38,21,O,1,1,2,1,0,1,1,0,0,0,1,1.04
40,21,O,1,1,2,0,0,0,1,1,0,0,0,1.04
42,21,O,1,1,2,0,0,0,0,1,0,0,0,1.04
44,21,O,1,1,2,0,0,0,0,1,0,0,0,1.04
46,21,O,1,1,2,0,0,0,0,1,0,0,0,1.04
48,21,O,1,1,2,1,0,0,0,1,0,0,0,1.04
50,21,O,1,1,2,0,0,0,0,1,0,0,0,1.04
2,21,O,1,2,2,0,0,0,0,0,0,0,0,1.04
4,21,O,1,2,2,0,0,1,0,1,0,0,1,1.04
6,21,O,1,2,2,1,0,1,1,0,0,0,1,1.04
8,21,O,1,2,2,0,0,0,1,1,0,0,0,1.04
10,21,O,1,2,2,0,0,0,0,1,0,0,0,1.04
12,21,O,1,2,2,0,0,1,1,0,0,0,1,1.04
14,21,O,1,2,2,0,1,0,1,0,0,0,0,1.04
16,21,O,1,2,2,0,0,0,1,1,0,0,0,1.04
18,21,O,1,2,2,0,0,1,0,1,0,0,1,1.04
20,21,O,1,2,2,1,0,1,1,1,0,0,0,1.04
22,21,O,1,2,2,0,0,1,1,1,0,0,1,1.04
24,21,O,1,2,2,0,0,0,0,1,0,0,0,1.04
26,21,O,1,2,2,0,0,0,0,1,0,0,0,1.04
28,21,O,1,2,2,0,0,0,0,1,0,0,0,1.04
30,21,O,1,2,2,0,0,0,0,1,0,0,0,1.04
32,21,O,1,2,2,0,0,1,0,1,0,0,0,1.04
34,21,O,1,2,2,1,0,1,1,0,0,0,1,1.04
36,21,O,1,2,2,1,0,1,1,0,0,0,1,1.04
38,21,O,1,2,2,0,0,0,0,1,0,0,0,1.04
40,21,O,1,2,2,0,0,1,1,1,0,0,1,1.04
42,21,O,1,2,2,0,0,1,1,1,0,0,1,1.04
44,21,O,1,2,2,1,0,1,1,0,0,0,1,1.04
46,21,O,1,2,2,0,0,0,1,1,0,0,0,1.04
48,21,O,1,2,2,0,0,0,0,1,0,0,0,1.04
2,21,O,1,3,2,1,0,0,0,1,0,0,0,1.04
4,21,O,1,3,2,0,0,0,0,1,0,0,0,1.04
6,21,O,1,3,2,0,0,1,0,1,0,0,1,1.04
8,21,O,1,3,2,0,0,1,0,0,0,0,1,1.04
10,21,O,1,3,2,1,0,1,1,0,0,0,1,1.04
12,21,O,1,3,2,0,0,1,1,0,0,0,1,1.04
14,21,O,1,3,2,0,0,0,1,1,0,0,0,1.04
16,21,O,1,3,2,0,0,0,0,1,0,1,1,1.04
18,21,O,1,3,2,0,0,0,0,0,0,1,1,1.04
20,21,O,1,3,2,0,0,0,1,0,0,1,1,1.04
22,21,O,1,3,2,0,0,0,1,0,0,0,0,1.04
24,21,O,1,3,2,0,1,0,1,0,0,0,1,1.04
26,21,O,1,3,2,0,0,0,0,0,0,0,1,1.04
28,21,O,1,3,2,1,0,0,1,0,0,0,1,1.04
30,21,O,1,3,2,1,0,0,1,0,0,0,0,1.04
32,21,O,1,3,2,0,0,0,1,1,0,0,0,1.04
34,21,O,1,3,2,0,0,0,0,1,0,0,0,1.04
36,21,O,1,3,2,1,0,0,0,1,0,0,0,1.04
2,21,P,1,1,2,1,1,0,0,0,0,0,0,0.96
4,21,P,1,1,2,0,0,0,0,0,0,0,0,0.96
6,21,P,1,1,2,0,0,0,0,0,0,0,0,0.96
8,21,P,1,1,2,0,0,0,0,0,0,0,0,0.96
10,21,P,1,1,2,1,0,0,0,0,0,0,0,0.96
12,21,P,1,1,2,1,0,0,0,0,1,0,0,0.96
14,21,P,1,1,2,1,0,0,0,0,1,0,0,0.96
16,21,P,1,1,2,1,0,0,0,0,1,0,0,0.96
18,21,P,1,1,2,1,0,1,0,0,1,0,1,0.96
20,21,P,1,1,2,1,0,1,1,0,0,0,1,0.96
22,21,P,1,1,2,0,0,0,1,1,0,0,0,0.96
24,21,P,1,1,2,0,0,0,0,0,0,0,0,0.96
26,21,P,1,1,2,1,0,0,1,0,0,0,0,0.96
28,21,P,1,1,2,0,0,1,1,1,0,0,1,0.96
30,21,P,1,1,2,1,0,1,1,0,0,0,1,0.96
32,21,P,1,1,2,1,0,1,1,1,0,0,0,0.96
34,21,P,1,1,2,1,1,1,1,1,0,0,1,0.96
36,21,P,1,1,2,0,0,1,1,1,0,0,1,0.96
38,21,P,1,1,2,0,0,0,0,0,0,1,1,0.96
40,21,P,1,1,2,0,0,0,0,0,0,1,1,0.96
42,21,P,1,1,2,1,0,0,1,0,0,1,1,0.96
44,21,P,1,1,2,1,0,0,1,1,0,0,0,0.96
46,21,P,1,1,2,0,1,0,0,1,0,0,0,0.96
48,21,P,1,1,2,0,1,1,0,0,0,0,1,0.96
50,21,P,1,1,2,1,0,0,1,1,0,0,0,0.96
52,21,P,1,1,2,0,0,0,0,1,0,0,0,0.96
54,21,P,1,1,2,0,0,0,0,1,0,0,0,0.96
56,21,P,1,1,2,0,0,1,1,0,0,0,1,0.96
58,21,P,1,1,2,0,0,0,0,0,0,0,1,0.96
60,21,P,1,1,2,0,0,0,0,0,0,1,1,0.96
62,21,P,1,1,2,0,0,0,0,0,0,1,1,0.96
64,21,P,1,1,2,0,0,0,1,0,1,0,0,0.96
66,21,P,1,1,2,0,0,0,1,0,1,0,0,0.96
68,21,P,1,1,2,1,0,0,0,1,0,0,0,0.96
70,21,P,1,1,2,0,0,1,0,1,0,1,1,0.96
72,21,P,1,1,2,1,0,1,1,0,0,0,1,0.96
74,21,P,1,1,2,0,0,1,1,0,0,0,1,0.96
76,21,P,1,1,2,1,0,1,1,0,0,0,1,0.96
78,21,P,1,1,2,0,1,0,1,0,0,0,0,0.96
2,21,P,1,2,2,0,0,0,0,0,0,0,0,0.96
4,21,P,1,2,2,0,0,0,0,0,0,0,0,0.96
6,21,P,1,2,2,0,0,0,0,0,0,0,0,0.96
8,21,P,1,2,2,1,0,0,0,0,1,0,0,0.96
10,21,P,1,2,2,1,0,0,0,0,1,0,0,0.96
12,21,P,1,2,2,0,0,0,0,0,1,0,0,0.96
14,21,P,1,2,2,0,0,1,0,0,0,0,1,0.96
16,21,P,1,2,2,0,0,1,1,0,0,0,1,0.96
18,21,P,1,2,2,1,0,1,1,0,0,0,1,0.96
20,21,P,1,2,2,0,0,1,1,0,0,0,1,0.96
22,21,P,1,2,2,0,0,0,1,0,0,0,0,0.96
24,21,P,1,2,2,0,1,0,1,1,0,0,0,0.96
26,21,P,1,2,2,0,0,1,1,1,0,0,1,0.96
28,21,P,1,2,2,0,0,1,1,1,0,0,1,0.96
30,21,P,1,2,2,0,0,1,0,1,0,0,1,0.96
32,21,P,1,2,2,1,0,1,1,0,0,0,1,0.96
34,21,P,1,2,2,1,1,0,0,0,0,0,0,0.96
36,21,P,1,2,2,1,1,0,0,0,0,0,0,0.96
38,21,P,1,2,2,0,1,0,0,1,0,0,0,0.96
40,21,P,1,2,2,0,0,0,0,1,0,0,1,0.96
42,21,P,1,2,2,0,0,1,0,0,0,0,0,0.96
44,21,P,1,2,2,0,0,1,1,0,0,0,0,0.96
46,21,P,1,2,2,1,1,0,1,0,0,0,0,0.96
48,21,P,1,2,2,0,0,1,0,1,0,0,1,0.96
50,21,P,1,2,2,0,0,0,1,0,0,0,1,0.96
52,21,P,1,2,2,0,0,0,1,0,0,0,1,0.96
54,21,P,1,2,2,1,0,0,1,0,0,0,1,0.96
56,21,P,1,2,2,1,0,0,1,1,0,0,0,0.96
58,21,P,1,2,2,0,0,0,0,1,0,0,0,0.96
60,21,P,1,2,2,0,0,0,0,1,0,0,0,0.96
62,21,P,1,2,2,1,0,0,0,1,0,0,0,0.96
64,21,P,1,2,2,0,0,1,1,1,0,0,1,0.96
66,21,P,1,2,2,0,1,0,1,1,0,0,0,0.96
68,21,P,1,2,2,0,0,0,0,1,0,0,0,0.96
70,21,P,1,2,2,0,1,0,0,0,0,0,0,0.96
72,21,P,1,2,2,1,1,0,0,0,0,0,0,0.96
2,21,P,1,3,2,0,0,0,0,1,0,0,0,0.96
4,21,P,1,3,2,0,1,0,0,0,0,0,0,0.96
6,21,P,1,3,2,0,0,0,0,0,0,0,0,0.96
8,21,P,1,3,2,0,1,0,0,1,0,0,0,0.96
10,21,P,1,3,2,0,0,1,0,0,0,0,1,0.96
12,21,P,1,3,2,1,1,0,1,0,0,0,0,0.96
14,21,P,1,3,2,0,0,1,1,0,0,0,1,0.96
16,21,P,1,3,2,0,0,0,1,0,0,0,0,0.96
18,21,P,1,3,2,1,0,0,0,1,1,0,0,0.96
20,21,P,1,3,2,1,0,0,0,0,1,0,0,0.96
22,21,P,1,3,2,1,0,0,0,0,1,0,0,0.96
24,21,P,1,3,2,1,0,0,0,0,1,0,0,0.96
26,21,P,1,3,2,0,0,1,0,1,0,0,1,0.96
28,21,P,1,3,2,1,1,0,1,0,0,0,0,0.96
30,21,P,1,3,2,1,0,1,0,1,0,0,1,0.96
32,21,P,1,3,2,1,0,0,1,0,0,0,0,0.96
34,21,P,1,3,2,1,1,0,1,0,0,0,0,0.96
36,21,P,1,3,2,1,1,0,0,1,0,0,0,0.96
38,21,P,1,3,2,0,0,1,0,1,0,0,1,0.96
40,21,P,1,3,2,1,0,0,1,1,0,0,0,0.96
42,21,P,1,3,2,1,0,0,0,1,0,0,0,0.96
44,21,P,1,3,2,1,0,0,0,1,0,0,0,0.96
46,21,P,1,3,2,1,0,0,0,1,0,0,1,0.96
48,21,P,1,3,2,0,0,0,1,0,0,1,1,0.96
50,21,P,1,3,2,1,0,0,0,0,0,0,0,0.96
52,21,P,1,3,2,1,0,0,1,0,0,0,0,0.96
54,21,P,1,3,2,1,1,0,0,1,0,0,0,0.96
56,21,P,1,3,2,0,0,0,0,1,0,0,0,0.96
58,21,P,1,3,2,1,0,0,0,1,0,0,0,0.96
60,21,P,1,3,2,0,0,0,0,1,0,1,1,0.96
62,21,P,1,3,2,0,0,0,0,0,0,1,1,0.96
64,21,P,1,3,2,0,0,0,0,0,0,1,1,0.96
66,21,P,1,3,2,0,0,0,0,0,0,1,1,0.96
68,21,P,1,3,2,0,0,1,0,0,0,1,1,0.96
70,21,P,1,3,2,1,1,1,1,0,0,0,1,0.96
72,21,P,1,3,2,0,0,0,0,1,0,0,0,0.96
74,21,P,1,3,2,0,0,0,0,0,0,0,0,0.96
2,22,P,2,1,2,0,0,1,1,1,0,0,0,1.26
4,22,P,2,1,2,0,0,0,1,1,0,0,0,1.26
6,22,P,2,1,2,1,0,0,0,1,0,1,1,1.26
8,22,P,2,1,2,0,0,0,1,0,0,1,1,1.26
10,22,P,2,1,2,0,0,0,0,0,0,1,1,1.26
12,22,P,2,1,2,0,0,1,0,0,0,1,1,1.26
14,22,P,2,1,2,0,0,1,1,0,0,0,1,1.26
16,22,P,2,1,2,1,0,0,1,1,0,0,1,1.26
18,22,P,2,1,2,1,0,0,1,1,0,0,0,1.26
20,22,P,2,1,2,0,0,0,0,1,0,1,1,1.26
22,22,P,2,1,2,0,0,0,0,0,0,1,1,1.26
24,22,P,2,1,2,0,0,0,0,0,0,1,1,1.26
26,22,P,2,1,2,0,0,0,1,0,1,1,1,1.26
28,22,P,2,1,2,0,0,0,1,0,1,0,0,1.26
30,22,P,2,1,2,1,0,0,1,0,1,0,0,1.26
32,22,P,2,1,2,1,0,0,1,1,1,0,0,1.26
34,22,P,2,1,2,1,0,0,0,1,0,0,0,1.26
36,22,P,2,1,2,0,0,1,1,1,0,0,1,1.26
38,22,P,2,1,2,1,0,1,1,0,0,0,1,1.26
40,22,P,2,1,2,1,1,0,1,0,0,0,0,1.26
42,22,P,2,1,2,0,1,0,1,0,0,0,0,1.26
44,22,P,2,1,2,0,0,0,1,0,0,1,1,1.26
46,22,P,2,1,2,0,0,0,0,0,0,1,1,1.26
48,22,P,2,1,2,0,0,1,1,0,1,0,1,1.26
2,22,P,2,2,2,0,0,0,0,1,0,0,0,1.26
4,22,P,2,2,2,0,0,1,1,0,0,0,1,1.26
6,22,P,2,2,2,0,0,1,1,0,0,0,1,1.26
8,22,P,2,2,2,0,0,1,1,0,0,0,1,1.26
10,22,P,2,2,2,0,0,0,0,1,0,0,0,1.26
12,22,P,2,2,2,0,0,0,0,1,0,0,0,1.26
14,22,P,2,2,2,0,0,0,0,1,1,0,0,1.26
16,22,P,2,2,2,0,0,1,1,1,0,0,1,1.26
18,22,P,2,2,2,0,0,1,1,0,1,0,1,1.26
20,22,P,2,2,2,1,0,0,0,1,1,0,0,1.26
22,22,P,2,2,2,1,0,0,0,1,1,0,0,1.26
24,22,P,2,2,2,0,0,0,0,1,1,0,1,1.26
26,22,P,2,2,2,1,0,0,1,0,1,0,0,1.26
28,22,P,2,2,2,1,0,0,1,1,1,0,0,1.26
30,22,P,2,2,2,0,0,1,1,1,0,0,1,1.26
32,22,P,2,2,2,0,0,1,1,0,0,0,1,1.26
34,22,P,2,2,2,0,0,1,1,0,0,0,1,1.26
36,22,P,2,2,2,0,0,1,0,1,0,0,1,1.26
38,22,P,2,2,2,1,0,1,1,0,0,0,1,1.26
40,22,P,2,2,2,0,0,0,1,1,0,0,0,1.26
42,22,P,2,2,2,0,1,0,0,1,0,0,0,1.26
44,22,P,2,2,2,0,1,0,0,1,0,0,0,1.26
46,22,P,2,2,2,0,0,0,0,0,0,1,1,1.26
2,22,P,2,3,2,0,0,1,0,1,0,0,1,1.26
4,22,P,2,3,2,1,0,1,1,0,0,0,1,1.26
6,22,P,2,3,2,1,0,0,1,0,0,0,0,1.26
8,22,P,2,3,2,0,0,0,1,0,0,0,0,1.26
10,22,P,2,3,2,0,0,0,1,1,0,0,0,1.26
12,22,P,2,3,2,0,0,0,0,1,0,1,1,1.26
14,22,P,2,3,2,1,0,0,1,0,1,1,1,1.26
16,22,P,2,3,2,1,1,0,1,0,1,0,0,1.26
18,22,P,2,3,2,1,0,0,1,0,1,0,0,1.26
20,22,P,2,3,2,1,0,0,1,0,1,0,0,1.26
22,22,P,2,3,2,1,0,0,1,0,1,0,0,1.26
24,22,P,2,3,2,1,1,0,1,0,1,0,0,1.26
26,22,P,2,3,2,1,0,0,1,0,1,0,0,1.26
28,22,P,2,3,2,0,0,0,1,1,0,0,0,1.26
30,22,P,2,3,2,0,0,0,0,0,0,0,0,1.26
32,22,P,2,3,2,0,0,1,1,0,0,1,1,1.26
34,22,P,2,3,2,0,0,1,1,0,0,0,1,1.26
36,22,P,2,3,2,1,0,0,1,0,0,0,0,1.26
38,22,P,2,3,2,0,0,1,1,1,0,0,1,1.26
40,22,P,2,3,2,0,0,1,1,1,0,0,1,1.26
42,22,P,2,3,2,0,0,0,1,1,0,0,0,1.26
44,22,P,2,3,2,0,0,0,0,1,0,0,0,1.26
46,22,P,2,3,2,0,0,1,1,1,0,0,1,1.26
2,23,Q,1,1,2,0,0,0,0,1,0,0,0,2.17
4,23,Q,1,1,2,1,0,0,1,1,0,0,1,2.17
6,23,Q,1,1,2,1,0,0,1,0,1,0,0,2.17
8,23,Q,1,1,2,1,0,0,1,0,1,0,0,2.17
10,23,Q,1,1,2,1,0,0,1,0,1,0,0,2.17
12,23,Q,1,1,2,1,0,0,1,1,0,0,0,2.17
14,23,Q,1,1,2,1,1,0,0,1,0,0,0,2.17
16,23,Q,1,1,2,1,0,0,0,1,0,0,0,2.17
18,23,Q,1,1,2,0,1,0,0,1,0,0,0,2.17
20,23,Q,1,1,2,0,0,0,0,1,0,0,0,2.17
22,23,Q,1,1,2,0,0,1,0,1,0,0,0,2.17
24,23,Q,1,1,2,0,0,1,0,0,0,0,1,2.17
26,23,Q,1,1,2,1,0,1,1,0,0,0,1,2.17
28,23,Q,1,1,2,1,0,0,1,1,0,0,0,2.17
30,23,Q,1,1,2,0,0,1,0,1,0,0,1,2.17
32,23,Q,1,1,2,0,0,1,0,0,0,0,1,2.17
34,23,Q,1,1,2,0,0,1,1,0,0,0,1,2.17
36,23,Q,1,1,2,1,0,0,1,0,0,0,0,2.17
38,23,Q,1,1,2,0,0,1,1,1,0,0,1,2.17
40,23,Q,1,1,2,0,0,1,1,0,0,0,1,2.17
42,23,Q,1,1,2,1,0,0,1,0,0,0,0,2.17
44,23,Q,1,1,2,0,0,0,0,1,0,0,0,2.17
46,23,Q,1,1,2,0,1,0,0,1,0,0,0,2.17
2,23,Q,1,2,2,0,0,0,0,1,0,0,0,2.17
4,23,Q,1,2,2,0,0,0,0,1,0,0,0,2.17
6,23,Q,1,2,2,0,1,0,0,1,0,0,0,2.17
8,23,Q,1,2,2,0,0,0,0,1,0,0,0,2.17
10,23,Q,1,2,2,0,0,0,0,1,0,0,0,2.17
12,23,Q,1,2,2,0,0,0,0,1,0,0,0,2.17
14,23,Q,1,2,2,0,1,0,0,1,0,0,0,2.17
16,23,Q,1,2,2,1,0,0,0,1,0,0,0,2.17
18,23,Q,1,2,2,1,0,0,0,1,0,0,0,2.17
20,23,Q,1,2,2,1,0,0,1,1,0,0,0,2.17
22,23,Q,1,2,2,1,0,0,0,1,0,0,0,2.17
24,23,Q,1,2,2,1,0,0,1,1,0,0,0,2.17
26,23,Q,1,2,2,1,0,0,0,1,0,0,0,2.17
28,23,Q,1,2,2,0,0,0,0,1,0,0,0,2.17
30,23,Q,1,2,2,0,0,1,0,1,0,0,1,2.17
32,23,Q,1,2,2,0,0,0,1,0,0,0,0,2.17
34,23,Q,1,2,2,0,0,1,1,0,0,0,1,2.17
36,23,Q,1,2,2,0,0,1,0,0,0,0,1,2.17
38,23,Q,1,2,2,1,1,0,1,0,0,0,0,2.17
40,23,Q,1,2,2,0,1,0,0,0,0,0,0,2.17
42,23,Q,1,2,2,0,0,0,0,0,0,0,0,2.17
44,23,Q,1,2,2,1,1,0,0,1,0,0,0,2.17
46,23,Q,1,2,2,0,0,0,0,1,0,0,0,2.17
48,23,Q,1,2,2,0,0,0,0,1,0,0,0,2.17
2,23,Q,1,3,2,0,0,0,0,0,0,0,0,2.17
4,23,Q,1,3,2,0,0,0,0,1,1,0,0,2.17
6,23,Q,1,3,2,0,0,0,0,1,1,0,0,2.17
8,23,Q,1,3,2,0,0,1,0,1,0,0,0,2.17
10,23,Q,1,3,2,0,0,1,0,0,0,0,1,2.17
12,23,Q,1,3,2,0,0,0,0,0,1,0,0,2.17
14,23,Q,1,3,2,0,0,0,0,1,1,0,0,2.17
16,23,Q,1,3,2,0,0,1,0,1,1,0,1,2.17
18,23,Q,1,3,2,0,0,1,0,0,1,0,1,2.17
20,23,Q,1,3,2,0,0,1,0,0,0,0,1,2.17
22,23,Q,1,3,2,1,0,1,1,0,1,0,1,2.17
24,23,Q,1,3,2,0,0,1,1,0,1,0,0,2.17
26,23,Q,1,3,2,0,0,0,1,1,1,0,0,2.17
28,23,Q,1,3,2,0,0,0,0,0,0,0,1,2.17
30,23,Q,1,3,2,0,1,0,0,1,0,0,1,2.17
32,23,Q,1,3,2,0,0,0,0,0,0,0,1,2.17
34,23,Q,1,3,2,0,0,0,0,0,0,1,1,2.17
36,23,Q,1,3,2,0,0,0,0,0,0,1,1,2.17
38,23,Q,1,3,2,0,0,0,0,0,0,0,1,2.17
40,23,Q,1,3,2,0,0,0,1,0,1,0,1,2.17
42,23,Q,1,3,2,0,1,0,1,0,1,0,0,2.17
44,23,Q,1,3,2,0,0,0,1,0,1,0,0,2.17
46,23,Q,1,3,2,0,1,0,1,0,1,0,0,2.17
48,23,Q,1,3,2,1,1,0,1,0,1,0,0,2.17
2,23,Q,1,4,2,0,0,0,0,0,0,0,0,2.17
4,23,Q,1,4,2,0,0,0,0,1,1,0,0,2.17
6,23,Q,1,4,2,0,0,0,0,1,1,0,0,2.17
8,23,Q,1,4,2,0,0,1,0,1,0,0,0,2.17
10,23,Q,1,4,2,0,0,1,0,0,0,0,1,2.17
12,23,Q,1,4,2,0,0,0,0,0,1,0,0,2.17
14,23,Q,1,4,2,0,0,0,0,1,1,0,0,2.17
16,23,Q,1,4,2,0,0,1,0,1,1,0,1,2.17
18,23,Q,1,4,2,0,0,1,0,0,0,0,1,2.17
20,23,Q,1,4,2,0,0,1,0,0,1,0,1,2.17
22,23,Q,1,4,2,1,0,1,1,0,1,0,1,2.17
24,23,Q,1,4,2,1,0,0,1,0,1,0,0,2.17
26,23,Q,1,4,2,0,0,0,1,1,1,0,0,2.17
28,23,Q,1,4,2,0,0,0,0,1,0,0,1,2.17
30,23,Q,1,4,2,0,1,0,1,0,1,0,1,2.17
32,23,Q,1,4,2,0,0,0,0,0,0,0,1,2.17
34,23,Q,1,4,2,0,0,0,0,0,0,1,1,2.17
36,23,Q,1,4,2,0,0,0,0,0,0,1,1,2.17
38,23,Q,1,4,2,0,0,0,0,0,0,1,1,2.17
40,23,Q,1,4,2,0,0,0,1,0,1,0,0,2.17
42,23,Q,1,4,2,0,1,0,1,0,1,0,0,2.17
44,23,Q,1,4,2,0,0,0,1,0,1,0,0,2.17
46,23,Q,1,4,2,0,1,0,1,0,1,0,0,2.17
48,23,Q,1,4,2,1,1,0,1,0,1,0,0,2.17
2,23,R,2,1,2,0,0,0,0,0,0,0,0,1.12
4,23,R,2,1,2,0,0,0,0,1,0,0,0,1.12
6,23,R,2,1,2,0,0,0,0,0,0,1,1,1.12
8,23,R,2,1,2,1,0,0,1,0,0,0,0,1.12
10,23,R,2,1,2,0,0,0,0,1,0,0,0,1.12
12,23,R,2,1,2,0,0,0,0,1,0,0,0,1.12
14,23,R,2,1,2,0,0,1,1,0,0,0,1,1.12
16,23,R,2,1,2,1,0,0,0,0,1,0,0,1.12
18,23,R,2,1,2,0,0,0,0,1,0,0,0,1.12
20,23,R,2,1,2,1,0,0,0,1,1,0,0,1.12
22,23,R,2,1,2,0,0,0,0,1,0,0,0,1.12
24,23,R,2,1,2,0,0,0,0,0,0,1,1,1.12
26,23,R,2,1,2,0,0,0,0,0,0,1,1,1.12
28,23,R,2,1,2,0,0,1,1,0,0,0,1,1.12
30,23,R,2,1,2,0,0,0,1,0,0,0,0,1.12
32,23,R,2,1,2,0,0,1,0,0,0,0,1,1.12
34,23,R,2,1,2,0,0,0,1,0,0,0,0,1.12
36,23,R,2,1,2,0,0,0,1,0,0,0,0,1.12
38,23,R,2,1,2,0,0,0,0,0,0,1,1,1.12
40,23,R,2,1,2,0,0,0,0,0,0,1,1,1.12
42,23,R,2,1,2,0,0,0,0,0,0,1,1,1.12
44,23,R,2,1,2,0,0,1,1,0,0,0,1,1.12
46,23,R,2,1,2,0,0,1,0,0,0,0,1,1.12
48,23,R,2,1,2,0,0,0,1,0,0,0,0,1.12
50,23,R,2,1,2,0,0,0,1,0,1,0,0,1.12
2,23,R,2,2,2,0,0,0,0,1,0,0,0,1.12
4,23,R,2,2,2,0,0,0,0,1,0,0,0,1.12
6,23,R,2,2,2,1,0,0,0,1,0,0,0,1.12
8,23,R,2,2,2,0,0,0,0,0,0,1,1,1.12
10,23,R,2,2,2,0,0,0,0,0,0,1,1,1.12
12,23,R,2,2,2,0,0,0,0,0,0,1,1,1.12
14,23,R,2,2,2,0,0,0,0,0,0,1,1,1.12
16,23,R,2,2,2,0,0,0,0,0,0,0,1,1.12
18,23,R,2,2,2,0,0,0,0,0,0,0,1,1.12
20,23,R,2,2,2,0,0,0,0,0,0,1,1,1.12
22,23,R,2,2,2,0,0,0,0,0,0,0,1,1.12
24,23,R,2,2,2,0,0,0,0,0,0,0,1,1.12
26,23,R,2,2,2,0,0,0,0,0,0,0,1,1.12
28,23,R,2,2,2,0,0,0,0,0,0,0,1,1.12
30,23,R,2,2,2,0,0,0,0,0,0,0,0,1.12
32,23,R,2,2,2,0,0,0,0,0,0,1,1,1.12
34,23,R,2,2,2,0,0,0,0,0,0,0,0,1.12
36,23,R,2,2,2,0,0,0,0,0,0,1,1,1.12
38,23,R,2,2,2,0,0,0,0,0,0,1,1,1.12
40,23,R,2,2,2,0,0,0,0,0,0,0,1,1.12
42,23,R,2,2,2,0,0,0,0,0,0,1,1,1.12
44,23,R,2,2,2,0,0,0,0,0,0,0,1,1.12
46,23,R,2,2,2,0,0,0,0,0,0,0,1,1.12
48,23,R,2,2,2,0,0,1,1,0,1,0,1,1.12
50,23,R,2,2,2,0,0,0,1,0,1,0,0,1.12
2,23,R,2,3,2,0,0,0,0,1,0,0,0,1.12
4,23,R,2,3,2,0,0,0,0,1,0,1,1,1.12
6,23,R,2,3,2,0,0,0,0,0,0,1,1,1.12
8,23,R,2,3,2,0,0,0,0,0,0,0,1,1.12
10,23,R,2,3,2,0,0,1,0,0,0,0,1,1.12
12,23,R,2,3,2,0,0,1,0,0,0,0,1,1.12
14,23,R,2,3,2,0,0,1,1,0,1,0,0,1.12
16,23,R,2,3,2,0,0,0,1,0,1,0,0,1.12
18,23,R,2,3,2,0,0,0,1,0,0,0,0,1.12
20,23,R,2,3,2,0,0,0,0,1,0,0,0,1.12
22,23,R,2,3,2,0,0,1,0,0,0,0,1,1.12
24,23,R,2,3,2,0,0,0,1,0,1,0,0,1.12
26,23,R,2,3,2,0,0,0,0,1,0,0,1,1.12
28,23,R,2,3,2,0,0,0,0,1,0,0,0,1.12
30,23,R,2,3,2,0,0,0,0,1,0,0,0,1.12
32,23,R,2,3,2,0,0,0,0,1,0,0,0,1.12
34,23,R,2,3,2,0,0,0,0,0,0,1,1,1.12
36,23,R,2,3,2,0,0,0,0,0,0,0,1,1.12
38,23,R,2,3,2,1,0,0,0,0,0,0,1,1.12
40,23,R,2,3,2,0,0,0,1,0,1,0,0,1.12
42,23,R,2,3,2,0,0,0,1,0,0,0,0,1.12
44,23,R,2,3,2,0,0,0,1,0,1,0,0,1.12
46,23,R,2,3,2,0,0,0,0,1,0,0,0,1.12
48,23,R,2,3,2,0,0,0,0,1,0,0,0,1.12
2,24,S,2,1,2,0,0,0,0,1,0,0,0,0.95
4,24,S,2,1,2,0,0,0,0,1,0,0,0,0.95
6,24,S,2,1,2,0,0,0,0,1,0,0,0,0.95
8,24,S,2,1,2,0,0,0,0,1,0,0,0,0.95
10,24,S,2,1,2,1,0,0,0,1,0,0,0,0.95
12,24,S,2,1,2,0,0,0,0,1,0,0,0,0.95
14,24,S,2,1,2,0,0,0,0,1,0,0,0,0.95
16,24,S,2,1,2,0,0,0,0,1,0,0,0,0.95
18,24,S,2,1,2,0,0,0,0,1,0,0,0,0.95
20,24,S,2,1,2,0,0,0,0,1,0,0,0,0.95
22,24,S,2,1,2,0,0,0,0,1,0,0,0,0.95
24,24,S,2,1,2,0,1,0,0,0,0,0,0,0.95
26,24,S,2,1,2,0,0,1,0,1,0,0,1,0.95
28,24,S,2,1,2,1,0,0,1,0,0,0,1,0.95
30,24,S,2,1,2,0,0,0,1,1,0,0,0,0.95
32,24,S,2,1,2,1,1,1,0,0,0,0,1,0.95
34,24,S,2,1,2,0,1,0,1,1,0,0,0,0.95
36,24,S,2,1,2,0,0,0,0,1,0,0,0,0.95
38,24,S,2,1,2,0,0,0,0,1,0,0,0,0.95
40,24,S,2,1,2,0,0,1,1,0,0,0,1,0.95
42,24,S,2,1,2,0,0,0,1,1,0,0,0,0.95
44,24,S,2,1,2,0,1,0,0,1,0,0,0,0.95
46,24,S,2,1,2,0,1,0,0,1,0,0,0,0.95
48,24,S,2,1,2,0,1,0,0,1,0,0,0,0.95
50,24,S,2,1,2,0,0,1,0,1,0,1,1,0.95
52,24,S,2,1,2,1,0,0,1,1,0,1,1,0.95
54,24,S,2,1,2,0,0,0,0,1,0,0,0,0.95
56,24,S,2,1,2,0,1,1,0,1,0,0,1,0.95
58,24,S,2,1,2,0,0,1,1,1,0,0,1,0.95
60,24,S,2,1,2,0,0,0,0,1,0,0,0,0.95
62,24,S,2,1,2,0,0,0,0,1,0,0,0,0.95
64,24,S,2,1,2,0,1,0,0,1,0,0,0,0.95
66,24,S,2,1,2,0,1,0,0,0,0,0,0,0.95
68,24,S,2,1,2,0,0,0,0,0,0,0,0,0.95
70,24,S,2,1,2,0,0,0,0,0,0,0,0,0.95
72,24,S,2,1,2,0,0,0,0,0,0,0,0,0.95
2,24,S,2,2,2,0,0,0,0,1,0,0,0,0.95
4,24,S,2,2,2,1,0,0,0,1,0,0,0,0.95
6,24,S,2,2,2,0,0,0,0,1,0,0,0,0.95
8,24,S,2,2,2,0,0,0,0,1,0,0,0,0.95
10,24,S,2,2,2,0,0,0,0,1,0,0,0,0.95
12,24,S,2,2,2,0,0,0,0,1,0,0,0,0.95
14,24,S,2,2,2,0,0,0,0,1,0,0,0,0.95
16,24,S,2,2,2,0,1,0,0,1,0,0,0,0.95
18,24,S,2,2,2,0,1,0,0,0,0,0,0,0.95
20,24,S,2,2,2,0,1,0,0,0,0,0,0,0.95
22,24,S,2,2,2,0,0,0,0,1,0,0,0,0.95
24,24,S,2,2,2,0,0,0,0,1,0,0,0,0.95
26,24,S,2,2,2,0,0,0,0,1,0,0,0,0.95
28,24,S,2,2,2,0,1,0,0,0,0,0,0,0.95
30,24,S,2,2,2,0,1,1,0,0,0,1,1,0.95
32,24,S,2,2,2,1,0,1,1,0,0,0,0,0.95
34,24,S,2,2,2,0,1,0,0,1,0,0,0,0.95
36,24,S,2,2,2,0,0,0,0,1,0,0,0,0.95
38,24,S,2,2,2,0,0,0,0,1,0,0,0,0.95
40,24,S,2,2,2,0,0,0,0,1,0,0,0,0.95
42,24,S,2,2,2,0,0,0,0,1,0,0,0,0.95
44,24,S,2,2,2,0,1,0,0,1,0,0,0,0.95
46,24,S,2,2,2,0,0,0,0,1,0,0,0,0.95
48,24,S,2,2,2,0,0,0,0,1,0,0,0,0.95
50,24,S,2,2,2,0,0,0,0,1,0,0,0,0.95
52,24,S,2,2,2,0,1,0,0,1,0,0,0,0.95
54,24,S,2,2,2,0,1,0,0,0,0,0,0,0.95
56,24,S,2,2,2,1,1,1,1,0,0,0,1,0.95
58,24,S,2,2,2,1,0,1,1,0,0,0,1,0.95
60,24,S,2,2,2,0,0,0,1,0,0,0,0,0.95
62,24,S,2,2,2,0,0,0,0,1,0,0,0,0.95
64,24,S,2,2,2,0,0,0,0,1,0,0,0,0.95
66,24,S,2,2,2,0,0,0,0,1,0,0,0,0.95
68,24,S,2,2,2,0,0,0,0,1,0,0,0,0.95
70,24,S,2,2,2,0,0,0,0,1,0,0,0,0.95
72,24,S,2,2,2,0,1,0,0,1,0,0,0,0.95
74,24,S,2,2,2,0,0,0,0,1,0,0,0,0.95
2,31,T,1,1,3,0,0,0,0,0,0,0,0,0.24
4,31,T,1,1,3,0,0,0,0,1,0,0,0,0.24
6,31,T,1,1,3,0,0,0,0,1,0,0,0,0.24
8,31,T,1,1,3,0,0,0,0,1,0,0,0,0.24
10,31,T,1,1,3,0,0,1,0,1,0,0,1,0.24
12,31,T,1,1,3,1,0,1,1,0,0,0,1,0.24
14,31,T,1,1,3,1,0,0,0,1,0,0,0,0.24
16,31,T,1,1,3,1,0,1,1,1,0,0,1,0.24
18,31,T,1,1,3,0,1,0,1,0,0,0,0,0.24
20,31,T,1,1,3,1,0,0,0,1,0,0,0,0.24
22,31,T,1,1,3,0,0,0,0,1,0,0,0,0.24
24,31,T,1,1,3,0,0,1,0,1,0,0,1,0.24
26,31,T,1,1,3,0,0,1,1,0,0,0,1,0.24
28,31,T,1,1,3,1,0,1,1,0,0,0,1,0.24
30,31,T,1,1,3,0,0,1,1,0,0,0,1,0.24
32,31,T,1,1,3,1,0,0,1,0,0,0,0,0.24
34,31,T,1,1,3,0,0,1,1,0,0,0,1,0.24
36,31,T,1,1,3,0,1,0,1,1,0,0,0,0.24
38,31,T,1,1,3,0,0,0,0,1,0,0,0,0.24
40,31,T,1,1,3,0,1,0,0,1,0,0,0,0.24
42,31,T,1,1,3,0,0,0,0,1,0,0,0,0.24
44,31,T,1,1,3,0,0,0,0,1,0,0,0,0.24
46,31,T,1,1,3,0,0,0,0,1,0,0,0,0.24
48,31,T,1,1,3,0,0,0,0,1,0,0,0,0.24
50,31,T,1,1,3,0,0,0,0,1,0,0,0,0.24
2,32,U,1,1,3,0,0,0,0,0,0,0,0,1.09
4,32,U,1,1,3,0,0,0,0,1,0,0,0,1.09
6,32,U,1,1,3,0,0,0,0,1,0,0,0,1.09
8,32,U,1,1,3,0,0,0,0,1,0,0,0,1.09
10,32,U,1,1,3,0,0,0,0,1,0,0,0,1.09
12,32,U,1,1,3,0,0,0,0,1,0,0,0,1.09
14,32,U,1,1,3,0,0,0,0,1,0,0,0,1.09
16,32,U,1,1,3,0,0,0,0,1,0,0,0,1.09
18,32,U,1,1,3,0,0,0,0,1,0,0,0,1.09
20,32,U,1,1,3,0,0,0,0,1,0,0,0,1.09
22,32,U,1,1,3,0,0,0,0,1,0,0,0,1.09
24,32,U,1,1,3,0,0,0,0,1,0,0,0,1.09
26,32,U,1,1,3,0,0,0,0,1,0,0,0,1.09
28,32,U,1,1,3,0,0,0,0,1,0,0,0,1.09
30,32,U,1,1,3,0,0,0,0,1,0,0,0,1.09
32,32,U,1,1,3,0,0,0,0,1,0,0,0,1.09
34,32,U,1,1,3,0,0,0,0,1,0,0,0,1.09
36,32,U,1,1,3,0,0,0,0,1,0,0,0,1.09
38,32,U,1,1,3,0,0,0,0,1,0,0,0,1.09
40,32,U,1,1,3,0,1,0,0,1,0,0,0,1.09
42,32,U,1,1,3,0,1,0,0,1,0,0,0,1.09
2,32,U,1,2,3,0,0,0,0,0,0,0,0,1.09
4,32,U,1,2,3,0,0,0,0,1,0,0,0,1.09
6,32,U,1,2,3,0,0,0,0,1,0,0,0,1.09
8,32,U,1,2,3,0,0,0,0,1,0,0,0,1.09
10,32,U,1,2,3,0,0,0,0,1,0,0,0,1.09
12,32,U,1,2,3,0,0,0,0,1,0,0,0,1.09
14,32,U,1,2,3,0,0,0,0,1,0,0,0,1.09
16,32,U,1,2,3,0,0,0,0,1,0,0,0,1.09
18,32,U,1,2,3,0,0,0,0,1,0,0,0,1.09
20,32,U,1,2,3,0,0,0,0,1,0,0,0,1.09
22,32,U,1,2,3,0,0,0,0,1,0,0,0,1.09
24,32,U,1,2,3,0,0,0,0,1,0,0,0,1.09
26,32,U,1,2,3,0,0,0,0,1,0,0,0,1.09
28,32,U,1,2,3,0,0,0,0,1,0,0,0,1.09
30,32,U,1,2,3,0,0,0,0,1,0,0,0,1.09
32,32,U,1,2,3,0,0,0,0,1,0,0,0,1.09
34,32,U,1,2,3,0,0,0,0,1,0,0,0,1.09
36,32,U,1,2,3,0,0,0,0,1,0,0,0,1.09
38,32,U,1,2,3,0,0,0,0,1,0,0,0,1.09
40,32,U,1,2,3,0,1,0,0,1,0,0,0,1.09
42,32,U,1,2,3,0,1,0,0,1,0,0,0,1.09
2,32,U,1,3,3,0,0,0,0,1,0,0,0,1.09
4,32,U,1,3,3,0,0,0,0,1,0,0,0,1.09
6,32,U,1,3,3,0,0,0,0,1,0,0,0,1.09
8,32,U,1,3,3,0,0,0,0,1,0,0,0,1.09
10,32,U,1,3,3,0,0,0,0,1,0,0,0,1.09
12,32,U,1,3,3,0,0,0,0,1,0,0,0,1.09
14,32,U,1,3,3,0,0,0,0,1,0,0,0,1.09
16,32,U,1,3,3,0,0,0,0,1,0,0,0,1.09
18,32,U,1,3,3,0,0,0,0,1,0,0,0,1.09
20,32,U,1,3,3,0,0,0,0,1,0,0,0,1.09
22,32,U,1,3,3,0,0,0,0,1,0,0,0,1.09
24,32,U,1,3,3,0,0,0,0,1,0,0,0,1.09
26,32,U,1,3,3,0,0,0,0,1,0,0,0,1.09
28,32,U,1,3,3,0,1,0,0,1,0,0,0,1.09
30,32,U,1,3,3,0,0,0,0,1,0,0,0,1.09
32,32,U,1,3,3,0,0,0,0,1,0,0,0,1.09
34,32,U,1,3,3,0,0,0,0,0,0,0,0,1.09
36,32,U,1,3,3,0,0,0,0,1,0,0,0,1.09
38,32,U,1,3,3,0,0,0,0,1,0,0,0,1.09
40,32,U,1,3,3,0,0,0,0,1,1,0,0,1.09
42,32,U,1,3,3,0,0,0,0,1,1,0,0,1.09
44,32,U,1,3,3,0,0,0,0,1,0,0,0,1.09
46,32,U,1,3,3,0,0,0,0,1,0,0,0,1.09
2,33,V,2,1,3,0,0,0,0,1,0,0,0,1.01
4,33,V,2,1,3,0,0,0,0,1,0,0,0,1.01
6,33,V,2,1,3,1,0,0,0,1,0,0,0,1.01
8,33,V,2,1,3,0,0,0,1,1,0,0,0,1.01
10,33,V,2,1,3,0,0,0,0,1,0,0,0,1.01
12,33,V,2,1,3,0,1,0,0,1,0,0,0,1.01
14,33,V,2,1,3,1,0,0,0,1,0,0,0,1.01
16,33,V,2,1,3,0,0,0,0,1,0,0,0,1.01
18,33,V,2,1,3,1,0,0,0,1,0,0,0,1.01
20,33,V,2,1,3,1,0,0,0,1,0,0,0,1.01
22,33,V,2,1,3,0,0,0,0,1,0,0,0,1.01
24,33,V,2,1,3,0,0,0,0,1,0,0,0,1.01
26,33,V,2,1,3,0,0,0,1,0,0,0,0,1.01
28,33,V,2,1,3,0,1,0,0,1,0,0,0,1.01
30,33,V,2,1,3,1,0,0,0,1,0,0,0,1.01
32,33,V,2,1,3,0,0,0,0,1,0,0,0,1.01
34,33,V,2,1,3,0,0,0,0,1,0,0,0,1.01
36,33,V,2,1,3,1,0,0,0,1,0,0,0,1.01
38,33,V,2,1,3,0,0,0,0,1,0,0,0,1.01
40,33,V,2,1,3,0,0,0,0,1,0,0,0,1.01
42,33,V,2,1,3,0,0,0,0,1,0,0,0,1.01
44,33,V,2,1,3,1,0,0,0,1,0,0,0,1.01
46,33,V,2,1,3,0,0,0,1,0,0,0,0,1.01
48,33,V,2,1,3,0,0,0,0,1,0,0,0,1.01
2,33,V,2,2,3,0,0,0,0,0,0,0,0,1.01
4,33,V,2,2,3,0,0,0,0,0,0,0,0,1.01
6,33,V,2,2,3,0,0,0,0,1,0,0,0,1.01
8,33,V,2,2,3,0,0,0,0,1,0,0,0,1.01
10,33,V,2,2,3,0,0,0,0,1,0,0,0,1.01
12,33,V,2,2,3,0,0,0,0,1,0,0,0,1.01
14,33,V,2,2,3,1,0,0,0,1,0,0,0,1.01
16,33,V,2,2,3,1,0,0,1,1,0,0,0,1.01
18,33,V,2,2,3,1,0,0,0,1,0,0,0,1.01
20,33,V,2,2,3,1,0,0,0,1,0,0,0,1.01
22,33,V,2,2,3,0,1,0,1,1,0,0,0,1.01
24,33,V,2,2,3,0,0,0,0,1,0,0,0,1.01
26,33,V,2,2,3,0,0,0,0,1,0,0,0,1.01
28,33,V,2,2,3,0,0,0,0,1,0,0,0,1.01
30,33,V,2,2,3,0,0,0,0,1,0,0,0,1.01
32,33,V,2,2,3,0,1,0,0,1,0,0,0,1.01
34,33,V,2,2,3,0,0,0,0,1,0,0,0,1.01
36,33,V,2,2,3,0,0,0,0,1,0,0,0,1.01
38,33,V,2,2,3,0,0,0,0,1,0,0,0,1.01
40,33,V,2,2,3,0,1,0,0,1,0,0,0,1.01
42,33,V,2,2,3,0,0,0,0,1,0,0,0,1.01
44,33,V,2,2,3,0,0,0,0,1,0,0,0,1.01
46,33,V,2,2,3,0,0,0,0,1,0,0,0,1.01
48,33,V,2,2,3,0,0,0,0,1,0,0,0,1.01
2,33,V,2,3,3,0,0,0,0,0,0,0,0,1.01
4,33,V,2,3,3,0,0,0,0,1,0,0,0,1.01
6,33,V,2,3,3,0,0,0,0,1,0,0,0,1.01
8,33,V,2,3,3,1,0,0,0,1,0,0,0,1.01
10,33,V,2,3,3,0,0,0,0,1,0,0,0,1.01
12,33,V,2,3,3,0,0,0,0,1,0,0,0,1.01
14,33,V,2,3,3,0,0,0,0,1,0,0,0,1.01
16,33,V,2,3,3,0,0,0,0,1,0,0,0,1.01
18,33,V,2,3,3,1,0,0,0,1,0,0,0,1.01
20,33,V,2,3,3,0,1,0,0,1,0,0,0,1.01
22,33,V,2,3,3,0,0,0,0,1,0,0,0,1.01
24,33,V,2,3,3,1,0,0,0,1,0,0,0,1.01
26,33,V,2,3,3,0,0,0,1,0,0,0,0,1.01
28,33,V,2,3,3,0,1,0,0,1,0,0,0,1.01
30,33,V,2,3,3,0,0,0,0,1,0,0,0,1.01
32,33,V,2,3,3,0,0,0,0,1,0,0,0,1.01
34,33,V,2,3,3,0,0,0,0,1,0,0,0,1.01
36,33,V,2,3,3,0,0,0,0,1,0,0,0,1.01
38,33,V,2,3,3,0,0,0,0,1,0,0,0,1.01
40,33,V,2,3,3,0,0,0,0,1,0,0,0,1.01
42,33,V,2,3,3,1,0,0,0,1,0,0,0,1.01
44,33,V,2,3,3,1,0,0,0,1,0,0,0,1.01
46,33,V,2,3,3,0,0,0,0,1,0,0,0,1.01
48,33,V,2,3,3,0,0,0,0,1,0,0,0,1.01
2,33,V,2,4,3,0,0,1,0,1,0,0,1,1.01
4,33,V,2,4,3,0,0,1,1,0,0,0,1,1.01
6,33,V,2,4,3,0,1,0,1,1,0,0,0,1.01
8,33,V,2,4,3,0,0,0,0,1,0,0,0,1.01
10,33,V,2,4,3,0,1,1,0,1,0,0,1,1.01
12,33,V,2,4,3,1,0,1,1,0,0,0,1,1.01
14,33,V,2,4,3,1,0,0,1,0,0,0,0,1.01
16,33,V,2,4,3,0,1,0,1,1,0,0,0,1.01
18,33,V,2,4,3,0,0,0,0,1,0,0,0,1.01
20,33,V,2,4,3,1,0,0,0,1,0,0,0,1.01
22,33,V,2,4,3,0,0,1,0,1,0,0,1,1.01
24,33,V,2,4,3,0,0,1,1,1,0,0,1,1.01
26,33,V,2,4,3,0,0,0,0,1,0,0,0,1.01
28,33,V,2,4,3,0,0,0,0,1,0,0,0,1.01
30,33,V,2,4,3,0,0,0,0,1,0,0,0,1.01
32,33,V,2,4,3,0,0,0,0,1,0,0,0,1.01
34,33,V,2,4,3,0,0,1,0,1,0,0,1,1.01
36,33,V,2,4,3,0,0,1,1,0,0,0,1,1.01
38,33,V,2,4,3,1,0,1,1,0,0,0,1,1.01
40,33,V,2,4,3,0,1,0,1,1,0,0,0,1.01
42,33,V,2,4,3,0,1,1,0,1,0,0,1,1.01
44,33,V,2,4,3,0,0,1,1,1,0,0,1,1.01
46,33,V,2,4,3,0,0,0,0,1,0,0,0,1.01
2,33,V,2,5,3,0,0,0,0,1,0,0,0,1.01
4,33,V,2,5,3,0,0,0,0,1,0,0,0,1.01
6,33,V,2,5,3,0,0,0,0,1,0,0,0,1.01
8,33,V,2,5,3,1,0,0,0,1,0,0,0,1.01
10,33,V,2,5,3,0,0,0,0,1,0,0,0,1.01
12,33,V,2,5,3,0,0,1,1,0,0,0,1,1.01
14,33,V,2,5,3,1,0,0,0,1,0,0,0,1.01
16,33,V,2,5,3,0,0,0,0,1,0,0,0,1.01
18,33,V,2,5,3,0,1,0,0,1,0,0,0,1.01
20,33,V,2,5,3,0,0,0,0,1,0,0,0,1.01
22,33,V,2,5,3,0,0,1,0,1,0,0,1,1.01
24,33,V,2,5,3,1,0,1,1,0,0,0,1,1.01
26,33,V,2,5,3,0,0,0,1,0,0,0,0,1.01
28,33,V,2,5,3,0,0,0,0,1,0,0,0,1.01
30,33,V,2,5,3,1,0,0,0,1,0,0,0,1.01
32,33,V,2,5,3,0,0,0,0,1,0,0,0,1.01
34,33,V,2,5,3,0,0,0,0,1,0,0,0,1.01
36,33,V,2,5,3,0,0,1,0,0,0,0,1,1.01
38,33,V,2,5,3,0,0,1,1,0,0,0,1,1.01
40,33,V,2,5,3,0,0,0,0,1,0,0,0,1.01
42,33,V,2,5,3,0,0,0,0,1,0,0,0,1.01
44,33,V,2,5,3,0,0,0,0,1,0,0,0,1.01
46,33,V,2,5,3,0,0,0,0,1,0,0,0,1.01
2,33,V,2,6,3,0,0,0,0,1,0,0,0,1.01
4,33,V,2,6,3,0,0,0,0,1,0,0,0,1.01
6,33,V,2,6,3,0,0,0,0,1,0,0,0,1.01
8,33,V,2,6,3,0,0,0,0,1,0,0,0,1.01
10,33,V,2,6,3,0,0,1,1,0,0,0,1,1.01
12,33,V,2,6,3,0,0,0,0,1,0,0,0,1.01
14,33,V,2,6,3,0,0,0,0,1,0,0,0,1.01
16,33,V,2,6,3,0,0,0,0,1,0,0,0,1.01
18,33,V,2,6,3,0,0,0,0,1,0,0,0,1.01
20,33,V,2,6,3,0,0,1,0,0,0,0,1,1.01
22,33,V,2,6,3,0,0,1,1,0,0,0,1,1.01
24,33,V,2,6,3,0,0,0,0,1,0,0,0,1.01
26,33,V,2,6,3,0,0,0,0,1,0,0,0,1.01
28,33,V,2,6,3,0,0,0,0,1,0,0,0,1.01
30,33,V,2,6,3,0,0,0,0,1,0,0,0,1.01
32,33,V,2,6,3,0,0,0,0,1,0,0,0,1.01
34,33,V,2,6,3,0,0,0,0,1,0,0,0,1.01
36,33,V,2,6,3,0,0,0,0,1,0,0,0,1.01
38,33,V,2,6,3,0,0,0,0,1,0,0,0,1.01
40,33,V,2,6,3,0,0,0,0,1,0,0,0,1.01
42,33,V,2,6,3,0,0,1,0,1,0,0,1,1.01
44,33,V,2,6,3,0,0,0,1,0,0,0,0,1.01
2,34,G,1,1,3,0,0,0,0,0,0,0,0,0.48
4,34,G,1,1,3,0,0,0,0,1,0,0,0,0.48
6,34,G,1,1,3,1,0,0,0,1,0,0,0,0.48
8,34,G,1,1,3,1,0,0,0,1,0,0,0,0.48
10,34,G,1,1,3,0,0,0,0,1,0,0,1,0.48
12,34,G,1,1,3,1,0,0,1,0,0,0,1,0.48
14,34,G,1,1,3,1,1,0,0,1,0,0,0,0.48
16,34,G,1,1,3,1,0,0,0,1,0,0,0,0.48
18,34,G,1,1,3,0,0,0,0,0,0,1,1,0.48
20,34,G,1,1,3,1,0,0,1,0,1,0,1,0.48
22,34,G,1,1,3,1,1,0,1,0,0,0,0,0.48
24,34,G,1,1,3,0,0,0,0,1,1,0,0,0.48
26,34,G,1,1,3,0,0,0,0,1,0,0,1,0.48
28,34,G,1,1,3,1,0,0,1,0,1,1,1,0.48
30,34,G,1,1,3,1,0,0,1,0,1,0,0,0.48
32,34,G,1,1,3,1,0,0,1,0,1,0,0,0.48
34,34,G,1,1,3,0,1,0,1,1,0,0,0,0.48
36,34,G,1,1,3,0,0,0,0,1,0,1,1,0.48
38,34,G,1,1,3,0,0,0,0,0,0,1,1,0.48
40,34,G,1,1,3,0,0,0,0,0,0,1,1,0.48
42,34,G,1,1,3,0,0,0,0,1,1,1,1,0.48
44,34,G,1,1,3,0,0,0,1,0,1,0,0,0.48
46,34,G,1,1,3,1,1,0,1,0,1,0,0,0.48
48,34,G,1,1,3,1,0,0,0,1,0,0,0,0.48
50,34,G,1,1,3,0,1,0,0,1,0,0,0,0.48
52,34,G,1,1,3,0,1,0,0,1,0,1,1,0.48
54,34,G,1,1,3,0,0,0,0,0,0,0,1,0.48
56,34,G,1,1,3,1,0,1,1,0,0,0,1,0.48
58,34,G,1,1,3,1,0,1,1,0,0,0,1,0.48
60,34,G,1,1,3,1,0,0,1,0,0,0,0,0.48
62,34,G,1,1,3,0,1,0,0,1,0,0,0,0.48
64,34,G,1,1,3,0,1,0,0,1,0,0,0,0.48
66,34,G,1,1,3,0,0,0,0,1,0,0,0,0.48
68,34,G,1,1,3,0,1,0,0,1,0,0,0,0.48
70,34,G,1,1,3,0,1,0,0,1,0,0,1,0.48
72,34,G,1,1,3,0,0,0,0,0,0,1,1,0.48
74,34,G,1,1,3,0,0,0,1,0,1,1,1,0.48
76,34,G,1,1,3,1,0,0,1,0,1,0,0,0.48
78,34,G,1,1,3,0,0,0,0,1,0,0,0,0.48
80,34,G,1,1,3,0,0,0,0,0,0,0,0,0.48
2,34,G,1,2,3,0,0,0,0,1,0,0,0,0.48
4,34,G,1,2,3,0,0,0,0,1,0,0,0,0.48
6,34,G,1,2,3,1,0,0,0,1,0,0,0,0.48
8,34,G,1,2,3,1,0,0,0,1,0,0,0,0.48
10,34,G,1,2,3,0,0,0,0,1,0,0,1,0.48
12,34,G,1,2,3,1,0,0,1,0,0,0,1,0.48
14,34,G,1,2,3,1,1,0,0,1,0,0,0,0.48
16,34,G,1,2,3,1,0,0,0,1,0,0,0,0.48
18,34,G,1,2,3,0,0,0,0,0,0,1,1,0.48
20,34,G,1,2,3,1,0,0,1,0,1,0,1,0.48
22,34,G,1,2,3,1,1,0,0,1,1,0,0,0.48
24,34,G,1,2,3,0,0,0,0,1,1,0,0,0.48
26,34,G,1,2,3,0,0,0,0,1,0,0,1,0.48
28,34,G,1,2,3,1,0,0,1,0,1,1,1,0.48
30,34,G,1,2,3,1,0,0,1,0,1,0,0,0.48
32,34,G,1,2,3,1,0,0,1,1,1,0,0,0.48
34,34,G,1,2,3,0,1,0,0,1,0,0,0,0.48
36,34,G,1,2,3,0,0,0,0,1,0,1,1,0.48
38,34,G,1,2,3,0,0,0,0,0,0,1,1,0.48
40,34,G,1,2,3,0,0,0,0,0,0,1,1,0.48
42,34,G,1,2,3,0,0,0,1,0,1,0,1,0.48
44,34,G,1,2,3,1,0,0,1,0,1,0,0,0.48
46,34,G,1,2,3,1,1,0,1,0,1,0,0,0.48
48,34,G,1,2,3,1,0,0,1,0,0,0,0,0.48
50,34,G,1,2,3,0,1,0,0,1,0,0,0,0.48
52,34,G,1,2,3,0,1,0,0,1,0,1,1,0.48
54,34,G,1,2,3,1,0,0,0,0,0,1,1,0.48
56,34,G,1,2,3,1,0,1,1,0,0,0,1,0.48
58,34,G,1,2,3,1,0,1,1,0,0,0,1,0.48
60,34,G,1,2,3,1,0,0,1,1,0,0,0,0.48
62,34,G,1,2,3,0,1,0,0,1,0,0,0,0.48
64,34,G,1,2,3,0,1,0,0,1,0,0,0,0.48
66,34,G,1,2,3,0,0,0,0,1,0,0,0,0.48
68,34,G,1,2,3,0,1,0,0,1,0,0,0,0.48
70,34,G,1,2,3,0,1,0,0,1,0,0,1,0.48
72,34,G,1,2,3,0,0,0,0,0,0,1,1,0.48
74,34,G,1,2,3,0,0,0,1,0,1,1,1,0.48
76,34,G,1,2,3,1,0,0,1,1,1,0,0,0.48
78,34,G,1,2,3,0,0,0,0,0,0,0,0,0.48
2,34,G,1,3,3,0,0,0,0,1,0,0,0,0.48
4,34,G,1,3,3,0,0,0,0,1,0,0,0,0.48
6,34,G,1,3,3,1,0,0,0,1,0,0,0,0.48
8,34,G,1,3,3,1,0,0,0,1,0,0,0,0.48
10,34,G,1,3,3,1,0,0,0,1,0,0,0,0.48
12,34,G,1,3,3,0,1,0,0,1,0,0,0,0.48
14,34,G,1,3,3,0,0,0,0,1,0,0,0,0.48
16,34,G,1,3,3,1,0,1,0,1,0,0,1,0.48
18,34,G,1,3,3,0,0,1,1,0,0,0,1,0.48
20,34,G,1,3,3,1,1,0,0,1,0,0,0,0.48
22,34,G,1,3,3,1,0,0,0,1,0,0,0,0.48
24,34,G,1,3,3,0,0,1,0,1,0,0,1,0.48
26,34,G,1,3,3,1,0,1,1,0,0,0,1,0.48
28,34,G,1,3,3,0,0,0,1,1,0,0,0,0.48
30,34,G,1,3,3,0,1,0,0,1,0,0,0,0.48
32,34,G,1,3,3,1,0,0,0,1,0,0,0,0.48
34,34,G,1,3,3,0,0,1,0,1,0,1,1,0.48
36,34,G,1,3,3,1,0,0,1,0,0,0,1,0.48
38,34,G,1,3,3,1,0,0,1,0,0,0,0,0.48
40,34,G,1,3,3,0,1,0,1,1,0,0,0,0.48
42,34,G,1,3,3,0,0,0,0,1,1,0,1,0.48
44,34,G,1,3,3,0,0,0,0,0,0,1,1,0.48
46,34,G,1,3,3,1,0,0,1,0,1,1,1,0.48
48,34,G,1,3,3,1,0,0,1,0,1,0,0,0.48
50,34,G,1,3,3,1,0,0,1,0,1,0,0,0.48
52,34,G,1,3,3,0,1,0,1,0,1,0,0,0.48
54,34,G,1,3,3,0,1,0,0,0,0,0,0,0.48
56,34,G,1,3,3,0,1,0,0,1,0,0,0,0.48
58,34,G,1,3,3,0,0,1,0,1,0,0,1,0.48
60,34,G,1,3,3,1,0,0,1,0,0,0,0,0.48
62,34,G,1,3,3,1,0,0,1,0,0,0,0,0.48
64,34,G,1,3,3,0,1,0,1,0,0,0,0,0.48
66,34,G,1,3,3,0,0,0,1,1,0,0,0,0.48
68,34,G,1,3,3,0,0,0,0,1,0,0,0,0.48
70,34,G,1,3,3,1,0,0,0,1,0,0,0,0.48
2,35,P,2,1,3,0,0,0,0,1,0,0,0,0.69
4,35,P,2,1,3,0,0,0,0,1,0,0,0,0.69
6,35,P,2,1,3,0,1,0,0,1,0,0,0,0.69
8,35,P,2,1,3,0,0,0,0,1,0,0,0,0.69
10,35,P,2,1,3,0,1,0,0,1,0,0,0,0.69
12,35,P,2,1,3,0,0,0,0,1,0,0,0,0.69
14,35,P,2,1,3,1,0,0,0,0,0,0,0,0.69
16,35,P,2,1,3,0,0,1,0,0,0,0,1,0.69
18,35,P,2,1,3,1,0,1,1,0,0,0,1,0.69
20,35,P,2,1,3,1,0,0,1,0,0,1,1,0.69
22,35,P,2,1,3,1,0,0,0,1,1,0,0,0.69
24,35,P,2,1,3,0,0,0,0,1,1,0,0,0.69
26,35,P,2,1,3,0,0,0,0,1,0,0,1,0.69
28,35,P,2,1,3,0,1,0,1,0,0,0,1,0.69
30,35,P,2,1,3,1,0,0,1,0,0,0,1,0.69
32,35,P,2,1,3,1,0,0,1,1,0,0,0,0.69
34,35,P,2,1,3,0,1,0,0,1,0,0,0,0.69
36,35,P,2,1,3,0,0,0,0,1,0,0,0,0.69
38,35,P,2,1,3,0,0,0,0,1,0,0,1,0.69
40,35,P,2,1,3,1,0,0,1,0,0,0,1,0.69
42,35,P,2,1,3,1,1,0,1,0,0,0,0,0.69
44,35,P,2,1,3,0,0,0,1,1,0,0,0,0.69
46,35,P,2,1,3,0,0,1,1,1,0,0,1,0.69
48,35,P,2,1,3,0,0,0,1,1,0,0,1,0.69
50,35,P,2,1,3,0,0,0,0,1,0,0,0,0.69
52,35,P,2,1,3,1,0,0,0,1,1,0,0,0.69
54,35,P,2,1,3,0,0,0,0,1,0,1,1,0.69
56,35,P,2,1,3,1,0,0,1,0,0,1,1,0.69
58,35,P,2,1,3,0,0,0,1,1,1,0,0,0.69
60,35,P,2,1,3,0,0,0,0,1,1,0,0,0.69
62,35,P,2,1,3,1,0,0,0,1,0,0,0,0.69
64,35,P,2,1,3,0,1,0,0,1,0,0,0,0.69
66,35,P,2,1,3,1,0,0,0,1,0,0,0,0.69
68,35,P,2,1,3,0,0,0,0,1,0,0,0,0.69
70,35,P,2,1,3,0,1,0,0,1,1,0,0,0.69
2,35,P,2,2,3,0,0,0,0,1,0,0,0,0.69
4,35,P,2,2,3,0,0,1,0,0,0,0,1,0.69
6,35,P,2,2,3,0,0,1,1,0,0,0,1,0.69
8,35,P,2,2,3,0,0,1,1,0,0,0,1,0.69
10,35,P,2,2,3,1,0,1,1,0,0,0,1,0.69
12,35,P,2,2,3,1,0,0,1,1,0,0,0,0.69
14,35,P,2,2,3,0,0,0,0,1,0,0,0,0.69
16,35,P,2,2,3,0,0,0,0,1,0,0,0,0.69
18,35,P,2,2,3,0,0,1,0,0,0,0,1,0.69
20,35,P,2,2,3,1,0,1,1,0,0,0,1,0.69
22,35,P,2,2,3,1,0,0,1,0,0,0,0,0.69
24,35,P,2,2,3,0,0,0,1,1,0,0,0,0.69
26,35,P,2,2,3,1,0,0,1,0,0,0,1,0.69
28,35,P,2,2,3,0,0,0,1,1,0,1,1,0.69
30,35,P,2,2,3,0,0,0,0,0,0,1,1,0.69
32,35,P,2,2,3,0,0,0,0,0,0,1,1,0.69
34,35,P,2,2,3,0,0,1,1,0,0,0,1,0.69
36,35,P,2,2,3,0,0,1,1,0,0,0,1,0.69
38,35,P,2,2,3,1,0,0,1,0,0,0,0,0.69
40,35,P,2,2,3,1,1,0,1,0,0,0,0,0.69
42,35,P,2,2,3,1,0,0,1,1,0,0,0,0.69
44,35,P,2,2,3,1,0,0,0,1,0,0,0,0.69
46,35,P,2,2,3,1,0,0,0,1,0,0,0,0.69
48,35,P,2,2,3,0,0,0,1,0,0,1,1,0.69
50,35,P,2,2,3,1,0,0,1,1,0,0,0,0.69
52,35,P,2,2,3,0,0,0,0,1,0,0,0,0.69
54,35,P,2,2,3,0,0,0,0,0,0,1,1,0.69
56,35,P,2,2,3,0,0,0,0,0,0,1,1,0.69
58,35,P,2,2,3,0,0,0,0,0,0,1,1,0.69
60,35,P,2,2,3,0,0,0,0,0,0,1,1,0.69
62,35,P,2,2,3,0,0,0,1,0,0,1,1,0.69
64,35,P,2,2,3,0,0,0,0,0,0,1,1,0.69
66,35,P,2,2,3,0,0,0,0,0,0,1,1,0.69
68,35,P,2,2,3,0,0,0,0,0,0,1,1,0.69
2,35,P,2,3,3,0,0,0,0,1,0,0,0,0.69
4,35,P,2,3,3,0,0,0,0,1,0,0,0,0.69
6,35,P,2,3,3,0,0,0,0,1,0,0,0,0.69
8,35,P,2,3,3,0,0,0,0,0,0,1,1,0.69
10,35,P,2,3,3,0,0,0,0,0,0,1,1,0.69
12,35,P,2,3,3,0,0,0,0,0,0,0,1,0.69
14,35,P,2,3,3,0,0,0,0,0,0,0,1,0.69
16,35,P,2,3,3,0,0,0,0,0,0,1,1,0.69
18,35,P,2,3,3,0,0,0,0,0,0,0,1,0.69
20,35,P,2,3,3,0,0,0,0,0,0,0,1,0.69
22,35,P,2,3,3,0,0,0,0,0,0,1,1,0.69
24,35,P,2,3,3,0,0,0,0,0,0,0,1,0.69
26,35,P,2,3,3,0,0,0,0,0,0,1,1,0.69
28,35,P,2,3,3,0,0,0,0,0,0,1,1,0.69
30,35,P,2,3,3,0,0,0,0,0,0,1,1,0.69
32,35,P,2,3,3,0,0,0,0,0,0,1,1,0.69
34,35,P,2,3,3,0,0,0,0,0,0,0,1,0.69
36,35,P,2,3,3,0,0,0,0,0,0,1,1,0.69
38,35,P,2,3,3,0,0,0,0,0,0,0,1,0.69
40,35,P,2,3,3,0,0,0,0,0,0,1,1,0.69
42,35,P,2,3,3,0,0,0,0,0,0,0,1,0.69
44,35,P,2,3,3,0,0,0,0,0,0,0,1,0.69
46,35,P,2,3,3,0,0,0,0,0,0,1,1,0.69
48,35,P,2,3,3,0,0,0,0,0,0,1,1,0.69
50,35,P,2,3,3,0,0,0,0,0,0,0,1,0.69
52,35,P,2,3,3,0,0,0,0,0,0,1,1,0.69
54,35,P,2,3,3,0,0,0,0,0,0,0,1,0.69
56,35,P,2,3,3,0,0,0,0,0,0,1,1,0.69
58,35,P,2,3,3,0,0,0,0,0,0,1,1,0.69
60,35,P,2,3,3,0,0,0,0,0,0,0,1,0.69
62,35,P,2,3,3,0,0,0,0,0,0,0,1,0.69
64,35,P,2,3,3,0,0,0,0,0,0,1,1,0.69
66,35,P,2,3,3,0,0,0,0,0,0,1,1,0.69
68,35,P,2,3,3,0,0,0,0,0,0,1,1,0.69
70,35,P,2,3,3,0,0,0,0,0,0,1,1,0.69
72,35,P,2,3,3,0,0,0,0,0,0,1,1,0.69
74,35,P,2,3,3,0,0,0,0,0,0,1,1,0.69
76,35,P,2,3,3,0,0,0,0,0,0,1,1,0.69
78,35,P,2,3,3,0,0,0,0,0,0,1,1,0.69
2,41,W,1,1,4,0,0,0,0,0,0,0,0,0.65
4,41,W,1,1,4,0,0,0,0,0,0,0,0,0.65
6,41,W,1,1,4,0,0,0,0,0,0,0,0,0.65
8,41,W,1,1,4,0,0,0,0,0,0,0,0,0.65
10,41,W,1,1,4,0,0,0,0,0,0,0,0,0.65
12,41,W,1,1,4,0,0,0,0,0,0,0,0,0.65
14,41,W,1,1,4,0,0,0,0,0,0,0,0,0.65
16,41,W,1,1,4,0,0,0,0,0,0,0,0,0.65
18,41,W,1,1,4,0,0,0,0,0,0,0,0,0.65
20,41,W,1,1,4,0,0,0,0,0,0,0,0,0.65
22,41,W,1,1,4,0,0,0,0,0,0,0,0,0.65
24,41,W,1,1,4,0,0,0,0,0,0,1,1,0.65
26,41,W,1,1,4,0,0,0,0,0,0,1,1,0.65
28,41,W,1,1,4,0,0,0,0,0,0,1,1,0.65
30,41,W,1,1,4,0,0,0,0,0,0,1,1,0.65
32,41,W,1,1,4,0,0,0,0,0,0,0,0,0.65
34,41,W,1,1,4,0,0,0,0,0,0,0,0,0.65
36,41,W,1,1,4,0,0,0,0,0,0,0,0,0.65
38,41,W,1,1,4,0,0,0,0,0,0,0,0,0.65
40,41,W,1,1,4,0,0,0,0,0,0,0,0,0.65
42,41,W,1,1,4,0,0,0,0,0,0,0,0,0.65
44,41,W,1,1,4,1,0,0,1,0,1,0,0,0.65
46,41,W,1,1,4,1,0,0,1,0,1,0,0,0.65
2,41,W,1,2,4,0,0,0,0,1,1,0,0,0.65
4,41,W,1,2,4,0,0,0,0,1,1,0,0,0.65
6,41,W,1,2,4,0,0,0,0,1,0,0,0,0.65
8,41,W,1,2,4,0,0,0,0,1,0,0,0,0.65
10,41,W,1,2,4,0,0,1,0,1,0,0,0,0.65
12,41,W,1,2,4,1,0,1,1,0,0,0,0,0.65
14,41,W,1,2,4,1,0,0,1,0,0,0,0,0.65
16,41,W,1,2,4,1,1,0,1,0,0,0,0,0.65
18,41,W,1,2,4,1,1,0,1,0,0,0,0,0.65
20,41,W,1,2,4,1,0,0,1,0,1,0,0,0.65
22,41,W,1,2,4,1,0,0,1,0,1,0,0,0.65
24,41,W,1,2,4,1,0,0,1,0,1,0,0,0.65
26,41,W,1,2,4,1,0,0,1,0,1,0,0,0.65
28,41,W,1,2,4,1,0,0,1,0,1,0,0,0.65
30,41,W,1,2,4,0,1,0,1,0,0,0,0,0.65
32,41,W,1,2,4,1,1,0,1,0,1,0,0,0.65
34,41,W,1,2,4,0,0,0,1,0,0,0,0,0.65
36,41,W,1,2,4,0,0,0,0,0,0,0,0,0.65
38,41,W,1,2,4,0,0,0,0,0,0,0,0,0.65
40,41,W,1,2,4,0,1,0,0,0,0,0,0,0.65
42,41,W,1,2,4,0,1,0,0,0,1,0,0,0.65
44,41,W,1,2,4,0,0,0,0,0,0,0,0,0.65
46,41,W,1,2,4,0,0,0,0,1,0,0,0,0.65
48,41,W,1,2,4,0,0,0,0,1,0,0,0,0.65
2,41,W,1,3,4,0,0,0,0,0,0,0,0,0.65
4,41,W,1,3,4,0,0,0,0,0,0,0,0,0.65
6,41,W,1,3,4,0,0,0,0,1,0,0,0,0.65
8,41,W,1,3,4,0,0,0,0,0,0,0,0,0.65
10,41,W,1,3,4,0,0,0,0,0,0,0,0,0.65
12,41,W,1,3,4,0,0,0,0,0,0,0,0,0.65
14,41,W,1,3,4,0,0,0,0,0,0,0,0,0.65
16,41,W,1,3,4,0,0,0,0,0,0,0,0,0.65
18,41,W,1,3,4,0,0,0,0,0,0,0,0,0.65
20,41,W,1,3,4,0,0,0,0,0,0,0,0,0.65
22,41,W,1,3,4,0,0,0,0,0,0,0,0,0.65
24,41,W,1,3,4,0,0,0,0,0,0,0,0,0.65
26,41,W,1,3,4,1,1,0,0,0,0,0,0,0.65
28,41,W,1,3,4,1,1,0,0,0,0,0,0,0.65
30,41,W,1,3,4,1,1,0,0,0,0,0,0,0.65
32,41,W,1,3,4,1,0,0,0,0,0,0,0,0.65
34,41,W,1,3,4,0,0,0,0,0,0,0,0,0.65
36,41,W,1,3,4,0,0,0,0,0,0,0,0,0.65
38,41,W,1,3,4,0,0,0,0,0,0,0,0,0.65
40,41,W,1,3,4,1,1,0,0,0,0,0,0,0.65
42,41,W,1,3,4,1,1,0,0,0,0,0,0,0.65
44,41,W,1,3,4,1,0,0,1,0,1,0,0,0.65
46,41,W,1,3,4,1,0,0,1,0,1,0,0,0.65
48,41,W,1,3,4,1,0,0,1,0,0,0,0,0.65
2,42,X,1,1,4,0,0,0,0,0,0,0,0,0.4
4,42,X,1,1,4,0,0,0,0,0,0,0,0,0.4
6,42,X,1,1,4,0,0,0,0,0,0,0,0,0.4
8,42,X,1,1,4,0,0,0,0,0,0,0,0,0.4
10,42,X,1,1,4,0,0,0,0,0,0,0,0,0.4
12,42,X,1,1,4,1,0,0,1,0,0,0,0,0.4
14,42,X,1,1,4,1,0,0,1,0,0,0,0,0.4
16,42,X,1,1,4,1,1,0,1,0,0,0,0,0.4
18,42,X,1,1,4,1,0,0,1,0,0,0,0,0.4
20,42,X,1,1,4,0,0,0,0,0,0,0,0,0.4
22,42,X,1,1,4,1,1,0,1,0,0,0,0,0.4
24,42,X,1,1,4,1,0,0,1,0,0,0,0,0.4
26,42,X,1,1,4,1,1,0,1,0,0,0,0,0.4
28,42,X,1,1,4,0,1,0,1,0,0,0,0,0.4
30,42,X,1,1,4,1,1,0,1,0,0,0,0,0.4
32,42,X,1,1,4,1,1,0,1,0,0,0,0,0.4
34,42,X,1,1,4,1,0,0,1,0,0,0,0,0.4
36,42,X,1,1,4,1,1,0,1,0,0,0,0,0.4
38,42,X,1,1,4,1,1,0,1,0,0,0,0,0.4
40,42,X,1,1,4,0,0,0,1,0,0,0,0,0.4
42,42,X,1,1,4,0,0,0,1,0,0,0,0,0.4
44,42,X,1,1,4,1,0,0,1,0,0,0,0,0.4
46,42,X,1,1,4,0,0,0,1,0,0,0,0,0.4
48,42,X,1,1,4,0,1,0,1,0,0,0,0,0.4
2,42,X,1,2,4,0,0,0,0,0,0,0,0,0.4
4,42,X,1,2,4,0,0,0,0,0,0,0,0,0.4
6,42,X,1,2,4,0,0,0,0,0,0,0,0,0.4
8,42,X,1,2,4,0,0,0,0,0,0,0,0,0.4
10,42,X,1,2,4,0,0,0,0,0,0,0,0,0.4
12,42,X,1,2,4,0,0,0,0,0,0,0,0,0.4
14,42,X,1,2,4,0,0,0,0,0,0,0,0,0.4
16,42,X,1,2,4,0,0,0,0,0,0,0,0,0.4
18,42,X,1,2,4,0,1,0,1,0,0,0,0,0.4
20,42,X,1,2,4,1,1,0,1,0,0,0,0,0.4
22,42,X,1,2,4,0,0,0,1,0,0,0,0,0.4
24,42,X,1,2,4,0,0,0,0,0,0,0,0,0.4
26,42,X,1,2,4,0,0,0,0,0,0,0,0,0.4
28,42,X,1,2,4,0,0,0,0,0,0,0,0,0.4
30,42,X,1,2,4,0,0,0,0,0,0,0,0,0.4
32,42,X,1,2,4,0,0,0,0,0,0,0,0,0.4
34,42,X,1,2,4,0,1,0,1,0,0,0,0,0.4
36,42,X,1,2,4,1,0,0,1,0,0,0,0,0.4
38,42,X,1,2,4,0,0,0,1,0,0,0,0,0.4
40,42,X,1,2,4,1,1,0,1,0,0,0,0,0.4
42,42,X,1,2,4,1,1,0,1,0,0,0,0,0.4
44,42,X,1,2,4,0,0,0,0,0,0,0,0,0.4
46,42,X,1,2,4,0,0,0,0,0,0,0,0,0.4
48,42,X,1,2,4,0,0,0,0,0,0,0,0,0.4
50,42,X,1,2,4,0,0,0,0,0,0,0,0,0.4
2,42,X,1,3,4,1,0,0,0,0,0,0,0,0.4
4,42,X,1,3,4,1,0,0,0,1,0,0,0,0.4
6,42,X,1,3,4,1,0,0,0,1,0,0,0,0.4
8,42,X,1,3,4,1,1,0,1,1,0,0,0,0.4
10,42,X,1,3,4,1,0,0,0,1,0,0,0,0.4
12,42,X,1,3,4,1,0,0,0,1,0,0,0,0.4
14,42,X,1,3,4,0,0,0,0,1,0,0,0,0.4
16,42,X,1,3,4,1,0,0,0,1,0,0,0,0.4
18,42,X,1,3,4,0,1,0,0,1,0,0,0,0.4
20,42,X,1,3,4,1,0,0,0,1,0,0,0,0.4
22,42,X,1,3,4,1,0,0,0,1,0,0,0,0.4
24,42,X,1,3,4,1,0,0,1,1,0,0,0,0.4
26,42,X,1,3,4,1,1,0,0,1,0,0,0,0.4
28,42,X,1,3,4,1,1,0,0,1,0,0,0,0.4
30,42,X,1,3,4,1,0,0,1,0,0,0,0,0.4
32,42,X,1,3,4,1,0,0,1,0,0,0,0,0.4
34,42,X,1,3,4,0,0,0,1,1,0,0,0,0.4
36,42,X,1,3,4,1,0,0,1,1,0,0,0,0.4
38,42,X,1,3,4,1,1,0,1,1,0,0,0,0.4
40,42,X,1,3,4,1,0,0,1,1,0,0,0,0.4
42,42,X,1,3,4,0,0,0,0,0,0,1,1,0.4
44,42,X,1,3,4,0,0,0,0,0,0,1,1,0.4
46,42,X,1,3,4,1,0,0,1,0,0,1,1,0.4
48,42,X,1,3,4,1,1,0,1,0,0,0,0,0.4
50,42,X,1,3,4,0,1,0,1,1,0,0,0,0.4
2,43,Y,2,1,4,0,0,0,0,1,0,0,0,0.62
4,43,Y,2,1,4,1,0,0,1,1,0,0,0,0.62
6,43,Y,2,1,4,0,0,0,0,0,1,1,1,0.62
8,43,Y,2,1,4,1,0,0,1,0,1,1,1,0.62
10,43,Y,2,1,4,1,0,0,1,0,1,0,0,0.62
12,43,Y,2,1,4,1,1,0,1,0,1,0,0,0.62
14,43,Y,2,1,4,0,1,0,1,0,1,0,0,0.62
16,43,Y,2,1,4,1,0,0,1,0,1,0,0,0.62
18,43,Y,2,1,4,0,0,0,0,1,0,0,0,0.62
20,43,Y,2,1,4,0,0,0,0,1,0,0,0,0.62
22,43,Y,2,1,4,0,0,0,0,1,1,0,0,0.62
24,43,Y,2,1,4,0,0,0,0,0,1,1,1,0.62
26,43,Y,2,1,4,0,0,0,0,0,0,1,1,0.62
28,43,Y,2,1,4,0,0,0,0,0,0,1,1,0.62
30,43,Y,2,1,4,1,0,0,1,0,0,1,1,0.62
32,43,Y,2,1,4,1,0,0,1,0,0,0,0,0.62
34,43,Y,2,1,4,1,0,0,1,0,0,0,1,0.62
36,43,Y,2,1,4,0,0,0,0,0,0,1,1,0.62
38,43,Y,2,1,4,0,0,0,0,0,0,1,1,0.62
40,43,Y,2,1,4,1,0,0,1,0,0,0,0,0.62
42,43,Y,2,1,4,1,0,0,1,0,0,0,0,0.62
44,43,Y,2,1,4,1,1,0,1,0,0,0,0,0.62
46,43,Y,2,1,4,0,0,0,1,1,0,0,0,0.62
2,43,Y,2,2,4,0,0,0,0,1,0,0,0,0.62
4,43,Y,2,2,4,0,0,0,0,0,0,1,1,0.62
6,43,Y,2,2,4,0,0,0,0,0,0,1,1,0.62
8,43,Y,2,2,4,0,0,0,0,0,0,1,1,0.62
10,43,Y,2,2,4,0,0,0,0,0,0,1,1,0.62
12,43,Y,2,2,4,0,0,0,0,0,0,1,1,0.62
14,43,Y,2,2,4,0,0,0,0,0,0,1,1,0.62
16,43,Y,2,2,4,0,0,0,0,0,0,1,1,0.62
18,43,Y,2,2,4,0,0,0,0,0,0,0,0,0.62
20,43,Y,2,2,4,0,0,0,0,0,0,0,0,0.62
22,43,Y,2,2,4,0,1,0,0,0,0,0,0,0.62
24,43,Y,2,2,4,0,1,0,1,0,0,0,0,0.62
26,43,Y,2,2,4,0,0,0,1,0,0,0,0,0.62
28,43,Y,2,2,4,0,0,0,1,0,1,0,0,0.62
30,43,Y,2,2,4,0,0,0,1,0,1,0,0,0.62
32,43,Y,2,2,4,0,0,0,1,0,1,0,0,0.62
34,43,Y,2,2,4,0,0,0,1,0,1,0,0,0.62
36,43,Y,2,2,4,0,0,0,0,1,0,0,0,0.62
38,43,Y,2,2,4,1,0,0,0,1,0,0,0,0.62
40,43,Y,2,2,4,0,0,0,0,0,0,1,1,0.62
42,43,Y,2,2,4,0,0,0,0,0,0,1,1,0.62
44,43,Y,2,2,4,0,0,0,0,0,0,1,1,0.62
46,43,Y,2,2,4,1,0,0,1,0,0,1,1,0.62
48,43,Y,2,2,4,1,0,0,1,0,0,0,0,0.62
50,43,Y,2,2,4,1,0,0,1,0,0,0,0,0.62
2,43,Y,2,3,4,1,0,0,0,0,0,0,0,0.62
4,43,Y,2,3,4,1,0,0,0,1,0,0,0,0.62
6,43,Y,2,3,4,0,1,0,0,0,0,1,1,0.62
8,43,Y,2,3,4,0,0,0,0,1,0,1,1,0.62
10,43,Y,2,3,4,0,1,0,0,0,0,1,1,0.62
12,43,Y,2,3,4,1,0,0,1,0,1,0,0,0.62
14,43,Y,2,3,4,0,0,0,0,0,0,1,1,0.62
16,43,Y,2,3,4,0,0,0,0,0,0,1,0,0.62
18,43,Y,2,3,4,0,0,0,1,0,1,0,0,0.62
20,43,Y,2,3,4,0,1,0,0,1,0,0,0,0.62
22,43,Y,2,3,4,0,1,0,0,0,0,1,1,0.62
24,43,Y,2,3,4,0,0,0,0,0,0,1,0,0.62
26,43,Y,2,3,4,0,0,0,1,0,0,1,1,0.62
28,43,Y,2,3,4,0,0,0,1,0,0,1,1,0.62
30,43,Y,2,3,4,0,1,0,0,1,0,0,0,0.62
32,43,Y,2,3,4,0,0,0,1,0,0,0,1,0.62
34,43,Y,2,3,4,0,0,0,1,1,0,0,1,0.62
36,43,Y,2,3,4,0,0,0,0,1,0,0,0,0.62
38,43,Y,2,3,4,0,0,0,0,1,0,0,0,0.62
40,43,Y,2,3,4,0,1,0,0,1,0,0,0,0.62
42,43,Y,2,3,4,0,1,0,0,1,0,0,0,0.62
44,43,Y,2,3,4,1,0,0,0,1,0,0,1,0.62
46,43,Y,2,3,4,0,0,0,1,0,0,0,1,0.62
48,43,Y,2,3,4,0,0,0,1,0,0,0,0,0.62
2,44,Z,2,1,4,0,0,0,0,1,0,0,0,0.98
4,44,Z,2,1,4,0,0,0,0,1,0,0,0,0.98
6,44,Z,2,1,4,0,0,0,0,1,0,0,0,0.98
8,44,Z,2,1,4,0,0,0,0,1,0,0,0,0.98
10,44,Z,2,1,4,1,0,0,0,1,0,0,0,0.98
12,44,Z,2,1,4,1,0,0,0,1,0,0,0,0.98
14,44,Z,2,1,4,0,0,0,0,1,0,0,0,0.98
16,44,Z,2,1,4,0,0,0,0,1,0,0,0,0.98
18,44,Z,2,1,4,0,0,0,0,1,0,0,0,0.98
20,44,Z,2,1,4,0,0,0,0,1,0,0,0,0.98
22,44,Z,2,1,4,1,0,0,0,1,0,0,0,0.98
24,44,Z,2,1,4,0,0,0,0,1,0,0,0,0.98
26,44,Z,2,1,4,0,0,0,0,1,0,0,0,0.98
28,44,Z,2,1,4,0,0,0,0,1,0,0,0,0.98
30,44,Z,2,1,4,0,0,0,0,1,0,0,0,0.98
32,44,Z,2,1,4,0,0,0,0,1,0,0,0,0.98
34,44,Z,2,1,4,1,0,0,0,1,0,0,0,0.98
36,44,Z,2,1,4,0,0,0,0,1,0,0,0,0.98
38,44,Z,2,1,4,0,1,0,0,1,0,0,0,0.98
40,44,Z,2,1,4,1,0,0,0,1,0,0,0,0.98
42,44,Z,2,1,4,1,0,0,0,1,0,0,0,0.98
44,44,Z,2,1,4,0,0,0,1,1,0,0,0,0.98
46,44,Z,2,1,4,1,0,0,0,1,0,0,0,0.98
2,44,Z,2,2,4,0,0,0,0,1,0,0,0,0.98
4,44,Z,2,2,4,0,0,0,0,1,0,0,0,0.98
6,44,Z,2,2,4,0,0,0,0,1,0,0,0,0.98
8,44,Z,2,2,4,0,0,0,0,1,0,0,0,0.98
10,44,Z,2,2,4,0,0,0,0,1,0,0,0,0.98
12,44,Z,2,2,4,0,0,0,0,1,0,0,0,0.98
14,44,Z,2,2,4,0,0,0,0,1,0,0,0,0.98
16,44,Z,2,2,4,0,0,0,0,1,0,0,0,0.98
18,44,Z,2,2,4,0,0,0,0,1,0,0,0,0.98
20,44,Z,2,2,4,0,1,0,0,1,0,0,0,0.98
22,44,Z,2,2,4,1,0,0,0,1,0,0,0,0.98
24,44,Z,2,2,4,0,0,0,0,1,0,0,0,0.98
26,44,Z,2,2,4,0,0,0,0,1,0,0,0,0.98
28,44,Z,2,2,4,0,0,0,0,1,0,0,0,0.98
30,44,Z,2,2,4,0,0,0,0,1,0,0,0,0.98
32,44,Z,2,2,4,0,0,0,0,1,0,0,0,0.98
34,44,Z,2,2,4,0,0,0,0,1,0,0,0,0.98
36,44,Z,2,2,4,0,0,0,0,1,0,0,0,0.98
38,44,Z,2,2,4,0,0,0,0,1,0,0,0,0.98
40,44,Z,2,2,4,1,0,0,0,1,0,0,0,0.98
42,44,Z,2,2,4,1,0,0,0,1,0,0,0,0.98
44,44,Z,2,2,4,0,0,0,0,1,0,0,0,0.98
46,44,Z,2,2,4,0,0,0,0,1,0,0,0,0.98
